Id,Name,avg_temp,avg_rainfall,avg_light_intensity
1007,Erythrina fusca,22.0,2250.0,4.5
5479,Diplachne fusca,25.0,1150.0,3.0
4912,Cotylelobium burckii,25.0,2400.0,3.0
4913,Cotylelobium lanceolatum,23.0,2400.0,3.0
4914,Cotylelobium melanoxylon,25.0,2400.0,3.0
3236,Annona atemoya,22.0,2400.0,4.5
2194,Annona cherimola,19.5,1400.0,3.5
4916,Coula edulis,30.0,1650.0,3.5
2465,Annona cherimola x Annona squamosa,22.0,2400.0,4.5
289,Abelmoschus esculentus,23.5,1400.0,3.0
127526,Couma utilis,25.0,3250.0,3.5
290,Abelmoschus manihot,26.0,2000.0,3.0
291,Abelmoschus moschatus,22.5,1200.0,3.5
2196,Annona diversifolia,23.5,1625.0,3.5
1968,Solanum quitoense,20.0,2225.0,3.5
196860,Abies amabilis,14.0,3825.0,3.5
2551,Abies balsamea,15.0,950.0,3.5
3241,Annona montana,23.0,2320.0,3.0
411,Annona muricata,24.5,2500.0,3.0
2197,Annona purpurea,26.0,2850.0,3.0
2553,Abies concolor,13.5,1125.0,3.0
412,Annona reticulata,20.5,1400.0,3.5
3242,Annona scleroderma,20.0,4000.0,3.5
3243,Annona senegalensis,26.0,1750.0,3.5
414,Annona squamosa,26.0,2285.0,3.0
1264,Ipomoea aquatica,25.0,2450.0,4.5
17650,Ipomoea aquatica var. reptans,25.0,2450.0,4.5
1877,Rubus idaeus ssp. idaeus,16.5,1000.0,3.0
4922,Crambe abyssinica,22.5,1600.0,3.0
5809,Erythrina poeppigiana,26.0,2650.0,4.5
4923,Crambe cordifolia,24.0,700.0,3.5
2558,Abies pindrow,17.0,1800.0,2.5
4926,Crambe maritima,16.0,850.0,4.5
1265,Ipomoea batatas,24.0,2675.0,4.5
7874,Myrciaria cauliflora,21.0,1200.0,3.0
4434,Ceriops decandra,23.5,3000.0,3.0
4435,Ceriops tagal,24.0,2500.0,3.5
3245,Anogeissus acuminata,26.5,2200.0,3.0
3246,Anogeissus latifolia,27.0,1450.0,4.5
3248,Anogeissus pendula,26.0,660.0,3.5
5485,Diploglottis cunninghamii,22.0,1500.0,3.0
1970,Solanum torvum,23.5,2450.0,4.0
2561,Abroma augustum,27.0,2400.0,3.0
1971,Solanum tuberosum,18.5,1125.0,3.0
9922,Solenostemon rotundifolius,22.0,2600.0,3.0
5814,Erythrophleum chlorostahys,28.0,1000.0,3.0
2075,Thespesia populnea,22.5,2900.0,3.0
5498,Dipterocarpus alatus,23.0,4100.0,2.5
5499,Dipterocarpus costatus,24.0,3500.0,3.0
5500,Dipterocarpus gracilis,25.0,2500.0,3.0
5501,Dipterocarpus indicus,25.5,5750.0,3.5
5502,Dipterocarpus macrocarpus,21.5,3050.0,3.5
5503,Dipterocarpus turbinatus,25.0,3300.0,3.0
5505,Dipteryx odorata,25.0,2650.0,4.0
3746,Boehmeria nivea,22.0,2500.0,3.5
2575,Acacia ammobia,26.5,225.0,4.5
3254,Anthemis nobilis,16.5,900.0,4.5
2576,Acacia ampliceps,25.5,500.0,4.5
2578,Acacia ancistrocarpa,28.0,475.0,4.5
6492,Gossypium arboreum,28.0,1000.0,4.5
1158,Gossypium barbadense,26.5,1000.0,4.5
7900,Myrtus communis,19.0,650.0,3.5
6493,Gossypium herbaceum,28.0,850.0,4.5
1160,Gossypium hirsutum,28.5,975.0,4.5
2579,Acacia aneura,27.0,350.0,4.5
126290,Acacia angustissima,27.5,1900.0,3.5
2580,Acacia anticeps,22.0,350.0,4.5
2581,Acacia argyrodendron,25.0,500.0,4.5
2582,Acacia ataxacantha,27.5,900.0,4.5
2583,Acacia aulacocarpa,27.5,1000.0,3.0
6500,Gracilaria tenuistipitata,20.0,2500.0,4.5
295,Acacia auriculiformis,25.0,2750.0,4.5
6502,Gracilaria verrucosa,17.5,2500.0,4.5
3260,Anthocleista nobilis,24.5,1850.0,4.5
42760,Bolusanthus speciosus,24.0,575.0,4.5
3754,Bombacopsis quinata,26.0,1900.0,3.5
3756,Bombax ceiba,27.0,2750.0,4.5
3758,Bombax insigne,26.5,2375.0,3.0
304602,Thymus maroccanus,17.5,700.0,3.0
305325,Polyscias fulva,27.0,1850.0,4.5
3761,Borago officinalis,15.0,800.0,4.5
3265,Anthriscus cerefolium,14.5,875.0,1.5
2390,Polyscias verticillata,26.0,1850.0,3.5
11819,Acacia caffra,25.0,1200.0,3.0
32427,Borassus aethiopum,30.0,800.0,4.5
2591,Acacia calcicola,25.0,187.5,4.5
3765,Borassus flabellifer,26.0,2450.0,4.5
10432,Thymus serpyllum,15.0,850.0,4.5
2592,Acacia cambagei,22.5,362.5,4.5
75752,Acacia cana,22.5,750.0,3.0
2593,Acacia catechu,27.5,2150.0,4.5
9938,Sonneratia apetala,22.5,1750.0,3.0
1978,Sonneratia caseolaris,24.0,2000.0,3.0
6514,Grevillea parallella,28.0,1100.0,4.5
1170,Grevillea robusta,21.0,1450.0,4.5
6520,Grewia asiatica,27.0,2625.0,3.0
2595,Acacia cincinnata,24.5,2250.0,3.0
6523,Grewia bicolor,25.0,650.0,3.0
2599,Acacia coriacea,26.5,500.0,4.5
10446,Tilia cordata,16.5,600.0,3.5
3783,Boswellia serrata,27.0,1250.0,3.0
530,Bothriochloa bladhii,19.0,1300.0,3.5
3786,Bothriochloa insculpta,18.5,975.0,3.0
12709,Bothriochloa ischaemum,18.0,775.0,3.0
6958,Irvingia gabonensis,29.0,2250.0,3.5
3789,Bothriochloa pertusa,17.5,1275.0,3.0
9405,Rumex crispus,18.0,900.0,3.0
11848,Acacia dudgeoni,27.0,1050.0,4.5
48747,Sorghum bicolor,24.0,500.0,4.5
1982,Sorghum bicolor var. sweet,24.0,1650.0,4.5
2614,Acacia erioloba,27.5,475.0,4.5
11660,Chamaecytisus palmensis,21.0,975.0,4.5
4465,Chamaedorea sp.,25.0,2850.0,3.0
4466,Chamaedorea tepejilote,23.5,1850.0,2.5
1983,Sorghum halepense,25.5,975.0,3.0
2617,Acacia falciformis,23.5,700.0,3.0
297,Acacia farnesiana,24.5,2075.0,3.0
5831,Eucalyptus accedens,24.0,725.0,3.0
2618,Acacia fasciculifera,25.0,700.0,4.5
5832,Eucalyptus agglomerata,22.5,925.0,3.0
5833,Eucalyptus albens,24.0,850.0,3.0
5834,Eucalyptus astringens,24.0,550.0,4.5
5835,Eucalyptus bosistoana,21.5,950.0,3.0
5836,Eucalyptus botryoides,20.0,1125.0,4.5
4469,Chamaerops humilis,22.0,600.0,3.0
5837,Eucalyptus brassiana,24.0,2000.0,3.0
5838,Eucalyptus brevifolia,29.5,525.0,3.0
2619,Acacia flavescens,24.5,1875.0,3.0
5839,Eucalyptus brockwayi,22.0,310.0,4.0
5841,Eucalyptus calophylla,22.0,1075.0,3.0
1017,Eucalyptus camaldulensis,23.5,1375.0,4.5
17648,"Eucalyptus camaldulensis, northern provenances",30.0,1375.0,4.5
1990,Sorghum X almum,25.0,1100.0,4.5
3795,Bougainvillea glabra,24.0,1850.0,4.5
5842,Eucalyptus citriodora,26.0,1550.0,4.5
9970,Sorghum x drummondii,25.0,1500.0,4.5
5843,Eucalyptus cladocalyx,20.5,590.0,4.5
431,Apium graveolens,15.0,1000.0,3.0
5844,Eucalyptus cloeziana,22.5,1425.0,3.5
432,Apium graveolens var. dulce,16.0,1550.0,3.0
5846,Eucalyptus consideniana,20.5,1050.0,3.0
3289,Apium graveolens var. rapaceum,16.5,1200.0,3.0
1781,Pongamia pinnata,30.0,1450.0,3.5
5847,Eucalyptus cornuta,22.5,950.0,3.0
5521,Dobera glabra,30.0,450.0,4.0
5848,Eucalyptus crebra,24.5,1450.0,3.0
16098,Pontederia cordata,20.0,1000.0,3.0
248819,Eucalyptus cypellocarpa,25.0,1400.0,3.5
5849,Eucalyptus dalrympleana,19.0,1450.0,3.0
1019,Eucalyptus deglupta,27.0,4100.0,3.0
3796,Bouteloua curtipendula,15.0,950.0,3.5
305323,Populus ciliata,20.0,2050.0,4.5
16100,Populus deltoides,21.0,1800.0,3.0
12393,Apocynum cannabinum,18.0,825.0,3.5
6968,Iseilema laxum,30.0,1025.0,4.5
8866,Populus euphratica,31.0,237.5,4.5
2411,Rungia klossii,20.5,1250.0,4.5
6969,Iseilema membranaceum,32.5,525.0,4.5
11882,Acacia haematoxylon,27.5,175.0,4.0
12396,Aponogeton distachyos,17.0,850.0,3.5
2627,Acacia harpophylla,23.5,500.0,4.5
8872,Populus simonii,22.5,500.0,4.5
5880,Eucalyptus longifolia,20.5,1025.0,3.0
5881,Eucalyptus loxophleba,25.0,500.0,4.5
5882,Eucalyptus maculata,20.0,1460.0,4.5
952,Dodonaea viscosa,26.0,862.5,3.0
5523,Dodonaea viscosa ssp. angustifolia,26.0,562.5,3.0
5884,Eucalyptus marginata,22.5,940.0,3.0
298,Acacia holosericea,28.5,925.0,4.5
2090,Toona australis,22.0,2300.0,3.0
10458,Toona ciliata,28.0,2625.0,3.5
10459,Toona serrata,25.0,2000.0,3.0
9984,Spartium junceum,16.5,845.0,3.5
2633,Acacia irrorata,24.5,850.0,3.0
2635,Acacia jennerae,20.5,275.0,4.5
2636,Acacia jensenii,20.5,350.0,4.5
2637,Acacia julifera ssp. gilbertensis,26.5,775.0,3.0
2638,Acacia julifera ssp. julifera,24.0,850.0,3.0
5920,Eucalyptus radiata ssp. radiata,20.5,875.0,3.0
1991,Spathodea campanulata,28.5,1700.0,4.5
5921,Eucalyptus radiata ssp. robusta,20.5,1100.0,3.0
2639,Acacia karroo,26.0,850.0,4.5
5922,Eucalyptus regnans,19.0,1375.0,4.5
198891,Aquilegia canadensis,17.0,1000.0,3.5
5923,Eucalyptus resinifera,22.0,1900.0,3.0
1023,Eucalyptus robusta,20.5,2000.0,4.5
248820,Eucalyptus rubida,20.0,1250.0,4.5
5924,Eucalyptus rudis,25.0,700.0,4.5
1024,Eucalyptus saligna,20.0,1450.0,4.5
5925,Eucalyptus salmonophloia,24.0,425.0,4.0
5926,Eucalyptus salubris,25.5,315.0,4.5
5927,Eucalyptus sargentii,23.5,465.0,4.5
248818,Eucalyptus scias,28.0,1550.0,4.5
5929,Eucalyptus sideroxylon,24.0,810.0,4.5
5930,Eucalyptus sieberi,21.5,1150.0,4.5
5931,Eucalyptus smithii,22.0,1475.0,4.5
5932,Eucalyptus socialis,24.5,300.0,4.5
5933,Eucalyptus st.-johnii,18.0,1375.0,4.5
5934,Eucalyptus subcrenulata,13.0,1750.0,3.0
1026,Eucalyptus tereticornis,23.0,1950.0,3.0
5936,Eucalyptus tessellaris,26.5,1950.0,3.0
7416,Lotus tenuis,21.0,800.0,3.0
5937,Eucalyptus tetrodonta,28.5,1100.0,4.5
5938,Eucalyptus thozetiana,26.5,500.0,4.5
7418,Lotus uliginosus,15.5,875.0,3.5
5939,Eucalyptus torelliana,26.0,1700.0,3.0
5940,Eucalyptus transcontientalis,25.0,375.0,4.5
5941,Eucalyptus trivalvis,28.5,200.0,4.5
5942,Eucalyptus umbra ssp. carnea,23.0,1200.0,3.0
5943,Eucalyptus umbra ssp. umbra,26.0,1050.0,3.0
6558,Guaiacum officinale,27.0,1750.0,3.5
6559,Guaiacum sanctum,27.0,1250.0,3.5
5945,Eucalyptus urophylla,21.0,2150.0,4.5
5946,Eucalyptus viminalis,19.5,1500.0,4.5
5947,Eucalyptus wandoo,24.5,550.0,4.5
7419,Loudetia simplex,25.0,1050.0,3.0
543,Brachiaria ruziziensis,29.5,1650.0,3.0
6562,Guazuma ulmifolia,23.0,1100.0,4.5
18201,Ludwigia adscendens,19.0,2500.0,4.5
1784,Portulaca oleracea,21.5,2250.0,4.5
8882,Portulaca quadrifida L.,26.0,1750.0,4.5
2651,Acacia macdonnelliensis,25.0,225.0,4.5
2652,Acacia maconochieana,26.0,300.0,4.5
3820,Brachychiton acerifolius,23.0,1650.0,3.0
2656,Acacia maidenii,24.0,950.0,3.0
2658,Acacia mangium,25.0,2750.0,3.0
545,Brachychiton populneus,25.5,625.0,4.5
2660,Acacia mearnsii,20.0,1650.0,3.5
2661,Acacia melanoxylon,17.0,1650.0,3.5
5534,Dovyalis caffra,22.5,1000.0,4.5
1373,Luffa acutangula,26.5,1850.0,3.0
5536,Dovyalis hebecarpa,23.5,2400.0,3.5
2475,Luffa cylindrica,24.0,1650.0,3.0
1649,Pennisetum clandestinum,18.0,1850.0,2.5
8418,Pennisetum glaucum,26.0,950.0,4.5
7428,Lumnitzera littorea,21.0,2400.0,4.5
7429,Lumnitzera racemosa,23.5,2050.0,4.5
8424,Pennisetum pedicellatum,30.0,565.0,4.5
5954,Eucryphia lucida,15.5,1500.0,3.5
1650,Pennisetum polystachyon,26.0,1875.0,3.5
7431,Lupinus albus,19.0,1080.0,3.0
1651,Pennisetum purpureum,30.0,2425.0,3.5
2519,Lupinus angustifolius,15.0,1025.0,3.0
2462,Eugenia aromatica,29.0,2600.0,3.5
3837,Brachystegia spiciformis,22.5,850.0,4.0
2674,Acacia oraria,26.0,1575.0,3.0
2676,Acacia pachyacra,21.5,250.0,4.5
2677,Acacia parchcarpa,27.5,250.0,4.5
2678,Acacia pendula,19.0,575.0,4.5
4967,Crotalaria brevides var. brevides,21.0,1900.0,3.5
7432,Lupinus cosentinii,23.5,1000.0,3.0
5995,Eugenia stipitata,2750.0,26.0,3.5
5996,Eugenia suborbiculare,28.0,1200.0,3.0
3318,Araucaria angustifolia,18.0,1875.0,4.5
3320,Araucaria bidwillii,21.5,1450.0,3.0
443,Araucaria cunninghamii,19.5,2800.0,4.5
6001,Eugenia uniflora,22.0,1700.0,3.0
3321,Araucaria hunsteinii,23.5,3100.0,4.5
6002,Eugenia uvalha,22.5,550.0,4.5
6982,Jacaranda copaia,28.0,1300.0,3.0
6983,Jacaranda mimosifolia,24.0,1225.0,3.0
803,Crotalaria pallida,23.5,2225.0,3.5
2692,Acacia rothii,27.5,1450.0,3.0
2694,Acacia salicina,21.0,500.0,3.5
2695,Acacia saligna,20.5,650.0,3.5
3844,Brassica campestris,23.0,1950.0,4.5
547,Brassica chinensis,21.0,1600.0,3.0
4982,Crotalaria spectabilis,20.5,1850.0,3.0
2697,Acacia senegal,31.0,1250.0,3.0
3329,Archontophoenix cunningham,21.0,1275.0,4.5
7434,Lupinus luteus,18.0,1225.0,3.0
7435,Lupinus mutabilis,18.0,1025.0,3.0
9432,Saccharum barberi,25.0,3000.0,4.5
3877,Brassica rapa Gaisin gr.,20.0,1175.0,3.0
3878,Brassica rapa Pak Choi,21.0,1150.0,3.0
1883,Saccharum edule,25.0,3000.0,3.0
2394,Pouteria campechiana,23.0,1675.0,3.0
2708,Acacia synchronicia,20.5,450.0,4.5
1884,Saccharum officinarum,28.0,3000.0,4.5
3881,Brassica rapa var. rapifera,18.5,1150.0,3.5
1885,Saccharum robustum,26.5,3050.0,4.5
9434,Saccharum sinense,25.0,2875.0,4.5
8912,Pouteria lucuma,23.5,1300.0,4.5
1887,Saccharum spontaneum,28.5,3250.0,3.0
2095,Trema orientalis,21.0,2500.0,3.0
2710,Acacia tephrina,26.5,400.0,4.5
2712,Acacia tortilis,30.0,550.0,4.5
2714,Acacia torulosa,27.5,550.0,3.0
2715,Acacia trachycarpa,26.5,275.0,4.5
4494,Chenopodium pallidicaule,16.5,700.0,3.0
9437,Sageraea elliptica,26.5,3250.0,3.5
2717,Acacia tumida,27.0,850.0,3.0
2509,Chenopodium quinoa,18.5,1425.0,3.0
2718,Acacia victoriae,21.5,550.0,3.0
10000,Sphenostylis stenocarpa,25.0,1100.0,4.5
2359,Nelumbo nucifera,25.0,2350.0,3.0
9441,Sagittaria sagittifolia,20.0,1050.0,3.0
1297,Jatropha curcas,21.5,1150.0,4.5
9449,Salacca wallichiana,28.0,2750.0,3.5
9450,Salacca zalacca,24.0,2450.0,4.0
7010,Juglans hindsii,14.0,850.0,3.0
8432,Pentaclethra macrophylla,26.0,1850.0,3.5
9477,Salix babylonica var. sacramenta,20.0,1150.0,3.0
7013,Juglans nigra,19.0,800.0,3.0
2315,Juglans regia,23.5,1300.0,3.0
7014,Juglans sieboldiana,20.5,850.0,3.0
681,Chloris gayana,27.5,1275.0,4.5
449,Areca catechu,23.0,2875.0,3.5
2147,Vigna angularis,20.5,1165.0,4.5
758,Colocasia esculenta,22.5,2550.0,3.5
9673,Sehima nervosum,22.5,825.0,3.5
4772,Colocasia esculenta var. antiquorum,17.5,1850.0,3.5
594,Allium tuberosum,18.5,2150.0,4.5
8615,Pinus ayacahuite,18.5,1850.0,3.0
8616,Pinus ayachuite var. Br.,16.5,900.0,3.0
8619,Pinus brutia,22.5,625.0,3.0
4779,Colophospermum mopane,31.0,525.0,3.0
1466,Metroxylon sagu,29.0,3950.0,4.5
8620,Pinus canariensis,21.0,1175.0,4.5
10823,Vigna hosei,25.0,3250.0,4.0
1691,Pinus caribaea,28.0,2150.0,4.5
8621,Pinus caribaea ssp. bahamensis,26.5,1400.0,4.5
8622,Pinus caribaea ssp. caribaea,27.0,1400.0,4.5
8623,Pinus caribaea ssp. hondurensis,26.0,2330.0,4.5
8626,Pinus chiapensis,23.0,1300.0,4.5
2022,Swietenia macrophylla,25.0,3700.0,2.5
7239,Leptochloa fusca,24.5,1500.0,4.5
2023,Swietenia mahogani,26.0,1650.0,3.5
10825,Vigna luteola,24.0,2400.0,3.0
8627,Pinus douglasiana,20.0,1200.0,3.0
8628,Pinus durangensis,16.5,1000.0,3.0
372330,Vigna parkeri sp. acutifolia,24.5,1750.0,3.5
11401,Vigna parkeri sp. maranguensis,20.0,2000.0,3.5
3509,Astragalus sinicus,19.0,1150.0,3.0
367714,Alloteropsis semialata,21.0,1200.0,3.5
1700,Pinus merkusii,27.0,1900.0,4.5
17649,"Pinus merkusii, island provenances",26.5,2750.0,4.5
2150,Vigna radiata,24.0,875.0,3.0
1701,Pinus michoacana,20.5,1650.0,4.5
372222,Galega orientalis,16.0,600.0,3.0
8638,Pinus michoacana var. cornuta,23.0,1500.0,3.0
17655,Pinus michoacana var. turmida,22.0,1000.0,3.0
3020,Alnus acuminata,19.0,2250.0,3.0
8640,Pinus montezumae,18.0,1250.0,3.5
8642,Pinus mugo,14.0,750.0,3.5
4782,Combretum micranthum,27.5,900.0,4.5
10830,Vigna subterranea,27.0,1650.0,4.5
10831,Vigna trilobata,26.5,980.0,3.5
8645,Pinus occidentalis,24.5,1450.0,4.5
3023,Alnus japonica,20.0,1875.0,3.5
1702,Pinus oocarpa,22.0,1850.0,4.5
2152,Vigna umbellata,25.0,1150.0,4.5
8646,Pinus oocarpa var. ochoterenai,21.0,1375.0,3.0
2153,Vigna unguiculata,27.5,2200.0,3.5
2542,Pinus palustris,22.5,1500.0,4.5
17651,Vigna unguiculata ssp. biflora,22.0,1215.0,4.5
77301,Alnus maritima,19.5,2400.0,3.0
1703,Pinus patula,21.5,1875.0,4.5
6720,Hierochloe odorata,25.0,485.0,3.5
2543,Pinus pinaster,20.0,962.5,4.5
8647,Pinus pinea,23.0,600.0,4.5
10834,Vigna unguiculata ssp. sesquipedalis,26.0,2375.0,3.0
6721,Hieronyma chocoensis,29.0,4000.0,3.0
3024,Alnus nepalensis,20.0,1500.0,3.5
2545,Pinus ponderosa,16.0,1000.0,3.5
10835,Vigna unguiculata ssp. unguiculata,25.0,2250.0,3.5
6723,Hilaria jamesii,12.0,350.0,4.5
1704,Pinus pseudostrobus,20.5,1300.0,3.0
8648,Pinus pseudostrobus var. oaxacana,21.0,1250.0,3.0
6724,Hilaria mutica,20.0,550.0,4.5
3025,Alnus rubra,24.5,1800.0,4.5
10836,Vigna vexillata,23.5,2425.0,3.0
1705,Pinus radiata,20.5,965.0,3.0
8653,Pinus roxburghii,21.5,1675.0,4.5
8654,Pinus rudis,16.5,1250.0,3.0
8660,Pinus tabulaeformis,25.0,700.0,4.5
1708,Pinus taeda,19.5,1550.0,4.5
2486,Alocasia macrorrhizos,21.0,3100.0,2.5
8661,Pinus tenuifolia,23.0,1750.0,3.0
8662,Pinus teocote,21.0,1500.0,3.0
7254,Lespedeza stipulacea,18.0,1100.0,3.0
3031,Aloe arborescens,23.5,1000.0,3.5
7255,Lespedeza striata,21.0,1050.0,3.0
3032,Aloe barbadensis,22.5,2350.0,4.5
3510,Astrebla elymoides,28.5,450.0,4.5
3511,Astrebla lappacea,28.5,450.0,4.5
3512,Astrebla pectinata,25.0,450.0,4.5
3513,Astrebla squarrosa,28.5,450.0,4.5
1710,Piper betle,24.0,3350.0,4.0
6732,Hippophae rhamnoides,21.5,500.0,3.0
6733,Hippophae salicifolia,14.5,500.0,3.0
3515,Astrocaryum jauari,26.0,2050.0,3.5
5232,Dendrocalamus asper,24.5,2850.0,3.5
3522,Astrocaryum vulgare,24.0,2000.0,3.5
882,Dendrocalamus giganteus,24.5,2850.0,3.5
5233,Dendrocalamus hamiltonii,24.5,2600.0,4.0
5235,Dendrocalamus longispathus,24.5,2850.0,3.5
5236,Dendrocalamus merrillianus,24.5,2500.0,3.5
5238,Dendrocalamus strictus,24.0,2700.0,3.5
7258,Lesquerella fendleri,16.5,875.0,4.5
1713,Piper methysticum,27.0,3400.0,3.0
4804,Commiphora africana,29.0,625.0,4.0
5244,Dendrolobium umbellatum,26.5,1175.0,3.0
1714,Piper nigrum,25.0,3750.0,4.0
9213,Rhamnus prinoides,20.0,850.0,3.5
885,Derris elliptica,28.0,3200.0,4.0
5250,Derris indica,26.5,1400.0,3.5
5251,Derris malaccensis,27.0,2000.0,3.5
3039,Aloe perryi,21.5,825.0,3.0
3530,Atherosperma moschatum,15.5,1500.0,3.0
10186,Syncarpia glomulifera,22.0,1500.0,3.0
10187,Syncarpia hillii,22.5,1400.0,3.0
2454,Rheum rhaponticum,17.5,1200.0,3.0
4816,Conocarpus erectus,24.0,2000.0,3.0
4817,Conocarpus lancifolius,32.5,425.0,4.5
630,Carica papaya,28.0,2000.0,3.0
4218,Carica pubescens,19.0,1650.0,3.5
8690,Pistacia lentiscus,26.0,1100.0,3.0
4221,Cariniaria pyriformis,26.0,3000.0,3.5
2386,Pistacia vera,26.0,675.0,4.0
4223,Carissa carandas,25.0,1700.0,3.5
372231,Desmanthus bicornutus,23.0,1125.0,3.5
4225,Carissa edulis,24.5,2350.0,3.5
1721,Pisum sativum,17.0,1425.0,3.0
209331,Desmanthus glandulosus,22.0,575.0,3.5
4229,Carissa macrocarpa,22.0,1200.0,4.5
209333,Desmanthus leptophyllus,26.5,1275.0,3.5
5258,Desmanthus virgatus,25.5,1625.0,4.5
3540,Atriplex canescens,19.0,375.0,4.5
1472,Microstegium ciliatum,22.5,3000.0,4.0
8700,Pithecellobium dulce,26.0,2225.0,3.5
3542,Atriplex confertifolia,27.5,200.0,4.5
4233,Carludovica palmata,24.5,1500.0,3.5
3044,Alopecurus arundinaceus,8.5,755.0,3.5
7766,Mikania cordata,25.5,2500.0,3.5
2302,Garcinia dulcis,27.0,2550.0,4.0
3045,Alopecurus geniculatus,14.0,820.0,3.0
10874,Vitex doniana,23.0,1550.0,4.5
6753,Hordeum brevisubulatum,21.5,600.0,3.0
3052,Alpinia galanga,28.0,2850.0,3.5
6754,Hordeum bulbosum,19.0,750.0,4.5
3550,Atriplex lentiformis,20.0,200.0,4.5
10880,Vitex keniensis,20.0,2000.0,3.0
1125,Garcinia xanthochymus,26.0,1850.0,4.0
3054,Alpinia officinarum,25.5,2550.0,3.5
5260,Desmodium cinereum,25.0,2000.0,3.0
3552,Atriplex nummularia,19.5,475.0,4.5
13690,Desmodium dichotomum,29.0,1625.0,3.0
10885,Vitex parviflora,23.0,1250.0,4.5
11661,Leucaena collinsii,26.0,1850.0,3.0
11684,Leucaena collinsii sp. collinsii,26.0,1950.0,3.0
11691,Leucaena collinsii sp. zacapana,26.0,1350.0,3.0
5261,Desmodium gyroides,22.0,2700.0,3.5
379,Alstonia scholaris,24.0,2450.0,4.5
372235,Desmodium heterocarpon sp. heterocarpon,24.0,1850.0,3.0
7260,Leucaena diversifolia,22.0,2250.0,3.0
892,Desmodium heterophyllum,23.5,3250.0,4.0
893,Desmodium incanum,21.5,2500.0,3.0
230348,Rhodiola rosea,21.5,875.0,4.5
894,Desmodium intortum,21.5,2400.0,4.0
1344,Leucaena leucocephala,26.0,2625.0,3.5
1232,Hordeum vulgare,21.0,1100.0,3.0
10895,Vitis labrusca,20.5,1100.0,4.5
6384,Garuga pinnata,27.0,1750.0,4.5
5264,Desmodium ovalifolium,19.0,2500.0,3.0
10900,Vitis rotundifolia,25.0,1450.0,4.5
2160,Vitis vinifera,24.0,800.0,4.5
3067,Altingia excelsa,25.0,2600.0,3.0
900,Desmodium triflorum,23.0,3100.0,2.5
3564,Aucoumea klaineana,30.0,2300.0,4.5
17796,Mimosa scabrella,22.0,2050.0,4.5
902,Desmodium uncinatum,24.5,1575.0,3.5
5267,Desmodium velutinum,25.0,2500.0,3.5
10207,Syzygium cordatum,22.5,1050.0,4.0
1030,Syzygium cumini,30.0,5350.0,3.5
4271,Caryocar nuciferum,22.5,1800.0,3.0
12245,Alysicarpus monilifer,23.0,850.0,3.0
4273,Caryodendron orinocense,23.5,2900.0,3.5
3069,Alysicarpus rugosus,27.0,1050.0,3.0
3070,Alysicarpus vaginalis,25.0,2500.0,3.0
4278,Caryota urens,28.0,2450.0,3.5
5273,Deyeuxia angustifolia,20.5,625.0,3.0
10223,Syzygium guineense,24.0,1900.0,4.5
2371,Oxalis tuberosa,16.5,1360.0,3.0
2282,Syzygium javanicum,24.5,2100.0,3.0
639,Cassia occidentalis,20.5,2470.0,3.0
8196,Oxytenanthera nigrociliata,24.5,2550.0,4.0
2041,Tabebuia rosea,25.5,1875.0,4.5
4296,Cassia rotundifolia,23.0,2050.0,3.5
4298,Cassia senna,22.0,1320.0,3.0
235883,Tabebuia serratifolia,28.0,1250.0,4.5
4299,Cassia siamea,30.5,1600.0,4.5
4305,Cassia tomentosa,19.0,1250.0,3.0
3568,Avena byzantina,19.0,750.0,3.0
7277,Levisticum officinale,14.0,1000.0,3.0
3569,Avena fatau,16.0,945.0,3.0
5275,Dialium guineense,22.5,1400.0,3.5
3571,Avena nuda,19.0,950.0,3.0
481,Avena sativa,17.5,875.0,3.0
2187,Amaranthus caudatus,23.5,2225.0,3.0
3572,Avena sterilis,19.0,745.0,3.0
390,Amaranthus cruentus,27.5,2250.0,3.0
482,Averrhoa bilimbi,23.0,2350.0,3.0
2188,Amaranthus dubius,28.5,2350.0,3.0
483,Averrhoa carambola,22.0,1800.0,2.5
6394,Geissois benthamiana,21.0,1350.0,3.0
3086,Amaranthus hybridus,21.5,500.0,4.5
2501,Avicennia officinalis,26.5,2400.0,3.0
6779,Humulus lupulus,21.5,800.0,3.0
3090,Amaranthus hypochondriacus,21.0,1500.0,3.0
2189,Amaranthus lividus,25.0,1450.0,3.0
2433,Talinum triangulare,25.5,1750.0,3.0
391,Amaranthus sp.,26.0,2200.0,3.0
3581,Azadirachta indica,30.0,1100.0,3.5
2235,Castanospermum australe,25.5,2400.0,3.0
3582,Azanza garckeana,24.0,600.0,4.5
2047,Tamarindus indica,28.5,2400.0,3.5
2190,Amaranthus tricolor,26.5,1500.0,3.0
644,Castilla elastica,24.5,2500.0,3.0
10274,Tamarix aphylla,29.0,350.0,4.5
10276,Tamarix chinensis,27.5,475.0,4.5
367215,Ambelania acida,26.0,2000.0,1.5
148967,Mirabilis expansa,15.0,750.0,3.0
17656,Gelidiella acerosa,24.0,2500.0,3.5
6397,Genipa americana,23.5,1450.0,4.5
6782,Hydnocarpus alpina,25.0,5000.0,3.5
6784,Hydnocarpus kurzii,24.5,5000.0,3.5
6785,Hydnocarpus laurifolia,28.0,4850.0,3.5
6401,Genista tinctoria,16.0,810.0,3.5
46753,Warburgia salutaris,22.5,1075.0,4.5
10914,Warburgia ugandensis,21.0,1350.0,4.5
8744,Platanus orientalis,23.5,1200.0,3.5
4849,Corchorus capsularis,29.0,2250.0,3.0
9702,Serenoa repens,22.5,1100.0,3.5
198033,Amelanchier pallida,20.0,1225.0,3.5
10291,Taraxacum officinale,15.5,1500.0,3.5
148964,Pachyrhizus ahipa,20.0,1000.0,3.0
1582,Pachyrhizus erosus,25.5,3625.0,3.0
148966,Pachyrhizus tuberosus,25.0,2320.0,3.0
3591,Baccaurea motleyana,26.0,2500.0,3.5
10292,Tarchonanthus camphoratus,23.0,475.0,4.5
7292,Licuala ramsayi,24.5,3000.0,3.0
4854,Cordeauxia edulis,29.0,350.0,4.5
4855,Cordia africana,19.5,1250.0,4.5
777,Cordia alliodora,26.0,2375.0,3.0
3596,Baccaurea racemosa,24.0,3000.0,3.5
3597,Baccaurea ramiflora,26.0,2500.0,3.5
8207,Pachystela msolo,25.0,1250.0,3.0
3127,Ammandra natalia,23.5,3950.0,3.5
4335,Casuarina campestris,22.0,300.0,4.5
4336,Casuarina cristata,24.0,550.0,4.5
17652,Casuarina cristata ssp. pauper,26.0,337.5,4.5
4337,Casuarina cunninghamiana,25.0,2725.0,4.5
4338,Casuarina decaisneana,28.5,225.0,4.0
4339,Casuarina dielsiana,24.0,450.0,4.5
646,Casuarina equisetifolia,25.0,2600.0,4.5
2052,Tecoma stans,22.5,600.0,4.5
4340,Casuarina fraseriana,20.5,875.0,3.5
4341,Casuarina glauca,19.5,2250.0,4.5
7795,Momordica charantia,26.5,2500.0,3.0
4342,Casuarina huegeliana,23.0,525.0,4.5
909,Dichanthium annulatum,23.5,1450.0,4.5
7797,Momordica cochinchinensis,24.5,2000.0,3.0
4343,Casuarina junghuhniana,22.5,1350.0,3.0
910,Dichanthium aristatum,20.0,1200.0,3.0
4344,Casuarina littoralis,22.0,1650.0,3.5
4345,Casuarina luehmannii,25.0,590.0,3.5
912,Dichanthium caricosum,26.0,2100.0,3.5
2307,Bactris gasipaes,23.5,3750.0,3.5
648,Casuarina oligodon,21.0,3450.0,3.0
8753,Plectranthus esculentus,23.0,1075.0,3.5
2054,Tectona grandis,28.5,2250.0,4.5
4347,Casuarina stricta,20.0,575.0,3.0
4348,Casuarina torulosa,21.5,1700.0,3.0
9712,Sesbania bispinosa,22.0,1700.0,4.5
9713,Sesbania cannabia,22.0,1950.0,3.0
9270,Rhynchosia minima,28.5,1025.0,3.0
10307,Telfairia occidentalis,28.5,2100.0,2.5
10308,Telfairia pedata,26.0,1850.0,3.5
42707,Baikiaea plurijuga,31.5,850.0,4.5
9714,Sesbania exaltata,21.0,1460.0,3.0
9715,Sesbania formosa,29.5,700.0,3.0
1938,Sesbania grandiflora,28.0,2650.0,3.0
9716,Sesbania macrantha var. levis,22.0,1400.0,4.5
9717,Sesbania macrantha var. macrantha,20.0,1450.0,4.5
400,Amorphophallus paeoniifolius,32.5,1350.0,3.0
9719,Sesbania pachycarpa,22.0,1950.0,4.5
43996,Sesbania rostrata,22.5,2800.0,3.0
9722,Sesbania sesban,27.5,1425.0,3.0
8220,Palaquium gutta,27.5,2750.0,3.0
3618,Bambusa blumeana,22.5,3000.0,3.0
6809,Hymenaea courbaril,26.0,2350.0,4.5
784,Coriandrum sativum,18.0,1450.0,3.0
3621,Bambusa longispiculata,22.0,2600.0,4.0
8227,Panax ginseng,17.5,1000.0,3.0
1002,Eriobotrya japonica,22.5,2200.0,3.0
3623,Bambusa nutans,20.5,2600.0,4.0
8230,Panax quinquefolium,17.5,1000.0,2.5
11652,Setaria incrassata,24.0,900.0,3.5
9732,Setaria italica,20.0,2150.0,3.5
3624,Bambusa polymorpha,20.5,2600.0,4.0
10920,Withania somnifera,26.0,550.0,3.5
3627,Bambusa tulda,20.5,2600.0,4.0
493,Bambusa vulgaris,20.5,2600.0,4.0
7317,Limnanthes alba,12.0,900.0,3.0
6813,Hymenodictyon excelsum,26.0,1587.5,4.5
8245,Pandanus julianettii,18.0,3250.0,3.0
3632,Banksia integrifolia,23.5,1325.0,3.0
4873,Cornus canadensis,15.0,1000.0,3.0
9735,Setaria sphacelata cv. Kazungula,20.0,1650.0,3.5
9736,Setaria sphacelata cv. Nandi,18.0,1350.0,3.5
9737,Setaria sphacelata cv. Narok,17.0,1450.0,3.5
1947,Setaria sphacelata  var. sericea,26.0,1825.0,3.5
1948,Setaria sphacelata var. splendida,26.0,3000.0,3.0
10924,Wrightia tomentosa,25.0,2350.0,3.0
2467,Pangium edule,25.0,4500.0,4.0
10321,Terminalia arjuna,26.0,1275.0,3.0
2347,Monochoria hastata,27.0,2500.0,3.0
10322,Terminalia arostrata,28.5,525.0,3.0
1602,Panicum antidotale,20.0,915.0,3.5
9744,Shorea assamica,21.0,3000.0,3.5
1485,Monochoria vaginalis,25.5,2350.0,3.0
236039,Terminalia bellirica,25.0,2250.0,4.5
355152,Shorea javanica,26.0,3750.0,3.0
2060,Terminalia brassii,29.0,3500.0,3.0
9747,Shorea robusta,27.0,4150.0,3.5
355154,Terminalia brownii,19.5,950.0,4.5
2061,Terminalia calamansanai,28.0,3500.0,3.0
9750,Shorea talura,28.5,1385.0,4.5
9751,Shorea tumbuggaia,28.0,875.0,3.0
5773,Eriochloa punctata,22.5,2500.0,3.0
2062,Terminalia catappa,23.0,2450.0,3.5
10327,Terminalia chebula,26.0,2025.0,3.5
10335,Terminalia ivorensis,27.0,2100.0,3.0
1603,Panicum coloratum,21.5,1500.0,4.5
372248,Panicum coloratum var. coloratum,23.0,1250.0,3.0
8267,Panicum coloratum var. makarikariense,27.5,787.5,4.5
355155,Terminalia mantaly,25.5,900.0,4.5
10345,Terminalia myriocarpa,23.0,3750.0,3.5
10348,Terminalia paniculata,26.0,3000.0,3.0
6825,Hyparrhenia hirta,25.0,850.0,3.0
4899,Corylus maxima,20.0,1000.0,4.5
148305,Tetrachne dregei,16.0,500.0,3.0
7813,Monstera deliciosa,28.0,1750.0,3.0
9285,Ribes rubrum,15.0,1100.0,3.0
1605,Panicum maximum,20.5,2475.0,2.5
6826,Hyparrhenia rufa,21.5,1050.0,3.0
8278,Panicum maximum var. trichoglume,29.0,1480.0,2.5
9287,Ribes sativum,16.0,700.0,3.0
8280,Panicum miliaceum,30.0,600.0,4.5
9290,Ribes uva-crispa,21.5,1100.0,3.0
8281,Panicum obtusum,21.5,1350.0,4.5
4387,Cenchrus biflorus,28.0,450.0,3.5
501,Barringtonia racemosa,25.0,1200.0,4.5
666,Cenchrus ciliaris,23.5,1800.0,3.0
5320,Digitalis lanata,18.5,550.0,4.5
5322,Digitalis purpurea,13.5,875.0,3.5
8283,Panicum repens,24.0,2425.0,3.5
10941,Xanthosoma brasiliense,23.0,3000.0,3.0
8286,Panicum sumatrense,30.0,675.0,4.5
2168,Xanthosoma sagittifolium,22.5,3375.0,3.5
3655,Bassia latifolia,27.5,1325.0,4.5
8289,Panicum virgatum,21.0,1525.0,4.5
8770,Poa compressa,21.5,1000.0,3.5
8290,Panicum whitei,30.0,450.0,4.5
5333,Digitaria milanjiana,21.5,1037.5,3.0
8292,Papaver bracteatum,13.5,850.0,4.5
2452,Ximenia americana,23.0,900.0,3.0
3659,Bauhinia esculenta,24.0,950.0,3.0
8771,Poa fendleriana,16.5,775.0,3.5
148253,Hyphaene compressa,25.0,550.0,4.5
8296,Papaver somniferum,15.5,1000.0,3.0
10952,Xylia dolabriformis,26.5,2375.0,3.5
6837,Hyphaene thebaica,27.5,550.0,4.0
10953,Xylia xylocarpa,26.5,3150.0,3.5
10954,Xylocarpus granatum,25.0,3200.0,3.0
10955,Xylocarpus mekongensis,23.0,3300.0,3.0
9291,Ricinodendron heudelotii,24.0,2750.0,3.5
10956,Xylocarpus moluccensis,23.5,3800.0,3.0
401,Anacardium occidentale,25.5,2200.0,4.5
7336,Linum usitatissimum,17.5,775.0,3.0
3673,Beckmannia eruciformis,20.5,925.0,3.5
402,Ananas comosus,23.0,2025.0,3.5
9297,Robinia pseudoacacia,23.0,950.0,3.0
3674,Beckmannia syzigachne,13.0,775.0,4.5
1491,Morus alba,29.0,2700.0,3.5
2349,Morus nigra,24.0,2150.0,3.0
7829,Morus rubra,22.0,1175.0,3.5
74984,Paraserianthes falcataria,25.0,3750.0,4.5
8777,Poa pratensis,21.0,1000.0,3.5
127115,Centropodia glauca,27.5,175.0,4.5
372225,Centrosema acutifolium var. matogrossense,26.0,1900.0,3.0
4409,Centrosema acutifolium,23.5,1900.0,3.5
372226,Centrosema brasilianum,26.0,1635.0,3.5
4410,Centrosema macrocarpum,22.5,1900.0,3.5
4411,Centrosema pascuorum,25.0,1175.0,3.0
671,Centrosema pubescens,24.0,2425.0,2.5
372229,Centrosema rotundifolium,26.0,1000.0,3.0
4413,Centrosema virginianum,25.0,950.0,3.0
4414,Cephaelis ipecacuanha,25.5,1500.0,3.0
7343,Liquidambar styraciflua,21.5,1650.0,3.0
10967,Yucca elephantipes,22.0,2350.0,3.5
2380,Parinari nonda,28.0,1250.0,3.0
7832,Mucuna pruriens,22.0,1750.0,3.0
2350,Mucuna pruriens var utilis,22.5,2000.0,3.0
8323,Parkia biglobosa,26.0,900.0,3.0
8780,Poa trivialis,15.0,1055.0,3.5
8328,Parkia speciosa,26.0,1650.0,3.5
1617,Parkinsonia aculeata,26.0,600.0,4.5
1357,Litchi chinensis,27.5,1750.0,3.0
6438,Gleditsia triacanthos,23.0,1150.0,4.5
6852,Hyssopus officinalis,21.5,950.0,4.5
8785,Podocarpus elatus,21.0,1250.0,3.0
30805,Podocarpus falcatus,21.5,1500.0,3.0
1146,Gliricidia sepium,28.0,2050.0,3.0
3202,Andropogon gayanus,24.0,1700.0,3.0
3203,Andropogon gerardii var. gerardii,15.5,1575.0,4.5
9784,Silybum marianum,29.0,500.0,4.5
9785,Simarouba glauca,26.0,2600.0,3.5
9786,Simmondsia chinensis,30.0,1050.0,4.0
6864,Ilex dipyrena,18.0,1900.0,3.0
8794,Poeciloneuron indicum,27.5,5500.0,3.5
3204,Andropogon hallii,17.0,800.0,4.5
8336,Parthenium argentatum,28.5,1175.0,3.0
6869,Ilex paraguariensis,21.0,1600.0,3.0
3698,Berrya cordifolia,27.0,3000.0,3.5
9787,Sinapis alba,17.5,900.0,3.0
1763,Pogostemon cablin,24.0,2400.0,3.0
5374,Dioscorea composita,26.5,1550.0,3.0
248815,Zanthoxylum chalybeum,22.0,1125.0,3.0
5382,Dioscorea dumetorum,27.5,2450.0,3.0
15781,Paspalum atratum,24.5,2050.0,3.5
514,Beta vulgaris,19.5,750.0,3.5
939,Dioscorea esculenta,31.0,4300.0,3.0
5387,Dioscorea floribunda,26.5,1450.0,3.0
2474,Beta vulgaris var. cicla,20.0,750.0,3.5
3712,Beta vulgaris var. crassa,17.5,1500.0,3.5
3713,Beta vulgaris var. flavescens,25.0,1100.0,4.5
48742,Beta vulgaris var. saccharifera,18.5,625.0,4.0
1623,Paspalum dilatatum,24.5,1225.0,3.5
8348,Paspalum distichum,25.5,800.0,3.5
1252,Imperata cylindrica,30.0,3250.0,3.5
372249,Paspalum guenoarum,22.0,2600.0,3.0
2175,Zea mays,28.5,1100.0,4.5
238663,Zea mays ssp. mays,28.5,1100.0,4.5
5408,Dioscorea opposita,23.5,2450.0,3.0
10981,Zea mays ssp. saccharata,25.0,1200.0,4.5
3722,Betula pubescens,16.0,650.0,3.0
5429,Dioscorea trifida,23.0,2500.0,3.0
1628,Paspalum plicatulum,26.0,2125.0,3.0
8355,Paspalum plicatulum var. glabrum,23.0,1575.0,3.0
7364,Livistona australis,21.0,1000.0,3.0
1630,Paspalum scrobiculatum,19.0,2550.0,3.5
8357,Paspalum urvillei,17.5,1500.0,3.0
10386,Thaumatococcus daniellii,25.0,2000.0,3.0
8360,Paspalum wettsteinii,21.0,1300.0,4.5
1150,Glycine max,24.0,1125.0,4.5
8802,Polyalthia fragrans,27.5,4000.0,2.5
17647,Glycine wightii,22.5,2275.0,3.5
9324,Roseodendron donnell-smithii,26.0,2000.0,4.5
9326,Rosmarinus officinalis,23.0,1500.0,3.0
2177,Zingiber officinale,24.0,2350.0,3.5
6467,Glycyrrhiza glabra,17.5,750.0,4.5
9802,Sloanea woollsii,21.0,1500.0,3.0
6468,Glycyrrhiza lepidota,13.5,450.0,4.5
2263,Diospyros digyna,23.0,1700.0,3.0
6471,Gmelina leichhardtii,23.0,1500.0,3.0
1633,Passiflora edulis,26.0,1550.0,3.5
8368,Passiflora edulis var. edulis,23.5,1875.0,3.0
1634,Passiflora edulis var. flavicarpa,25.5,2500.0,3.0
5465,Diospyros melanoxylon,28.0,1000.0,3.5
5466,Diospyros mespiliformis,23.0,950.0,3.0
1637,Passiflora laurifolia,24.0,2500.0,3.0
2381,Passiflora ligularis,23.5,1225.0,3.0
517,Bidens pilosa,24.0,2000.0,3.5
2526,Indigofera hirsuta,23.5,1725.0,3.5
1638,Passiflora mollissima,19.0,1500.0,3.0
7846,Murraya koenigii,27.5,1500.0,3.0
3221,Angophora costata,24.0,900.0,4.5
3222,Angophora floribunda,24.0,750.0,4.5
17633,Ziziphus mauritiana,28.5,2065.0,4.5
1639,Passiflora quadrangularis,23.5,1450.0,3.0
11001,Ziziphus mucronata,22.0,650.0,4.0
7848,Musa acuminata,27.0,2825.0,3.5
5474,Diospyros virginiana,19.0,1200.0,3.0
4426,Ceratonia siliqua,24.5,1100.0,3.0
4427,Ceratopetalum apetalum,19.5,1500.0,3.5
1642,Pastinaca sativa,15.0,700.0,3.0
7849,Musa acuminata x balbisiana,27.5,3000.0,3.0
9825,Solanum aethiopicum,25.0,2400.0,4.5
8386,Paullinia cupana,28.0,2050.0,4.0
1961,Solanum americanum,27.5,950.0,3.5
8390,Paulownia tomentosa,24.5,1250.0,4.5
83552,Pausinystalia yohimbe,26.5,3250.0,3.0
2507,Musa balbisiana,27.0,3000.0,3.5
2071,Themeda australis,19.5,950.0,3.5
10389,Themeda quadrivalis,25.0,1125.0,4.5
7852,Musa halabanensis,25.0,2350.0,3.5
77954,Indigofera schimperi,22.0,675.0,3.0
3230,Anisoptera scaphula,26.5,2550.0,3.5
2073,Themeda triandra,25.0,3350.0,3.5
10391,Theobroma bicolor,22.5,1800.0,2.5
2074,Theobroma cacao,24.0,4250.0,2.5
1256,Indigofera spicata,24.5,2400.0,3.5
10394,Theobroma grandiflorum,25.0,2750.0,2.5
7856,Musa salaccensis,25.0,2500.0,3.5
2483,Musa sp.,25.5,2750.0,3.0
1506,Musa textilis,24.5,2550.0,3.0
7858,Musanga cecropioides,30.0,3500.0,3.0
6889,Indigofera tinctoria,19.5,1820.0,3.0
9856,Solanum ferox,22.5,2500.0,3.5
1260,Inga edulis,26.5,2320.0,3.0
6893,Inga feuillei,25.5,2000.0,3.0
9863,Solanum hyporhodium,20.0,950.0,4.5
9864,Solanum incanum,20.0,1125.0,4.5
1263,Intsia bijuga,23.0,2750.0,3.0
9878,Solanum macrocarpon,21.0,2250.0,4.5
1965,Solanum melongena,24.5,2400.0,3.0
44104,Erythrina caffra,23.5,950.0,4.5
2528,Solanum muricatum,20.0,1250.0,3.0
1966,Solanum nigrum,24.0,1600.0,3.5
9868,Solanum oleraceum,23.0,1600.0,3.5
5805,Erythrina edulis,15.0,1125.0,3.5
5035,Cucurbita mixta,24.0,1600.0,3.0
8466,Persoonia falcata,26.5,1100.0,3.0
10143,Stylosanthes capitata,25.0,1750.0,4.5
843,Cymbopogon flexuosus,23.5,2400.0,4.5
2231,Carya illinoensis,22.5,1100.0,4.5
3814,Brachiaria ramosa,20.5,670.0,3.5
2647,Acacia ligulata,25.0,175.0,4.5
2335,Maranta arundinacea,25.5,2350.0,4.0
2525,Phaseolus polyanthus,19.0,1800.0,3.5
1436,Melicoccus bijugatus,23.5,1600.0,3.0
820,Cucurbita moschata,25.0,1550.0,3.0
1478,Mimosa pudica,21.0,1950.0,2.5
972,Elaeis guineensis,25.0,4500.0,3.0
10144,Stylosanthes erecta,25.5,1950.0,4.5
225371,Peltandra sagittifolia,22.0,1875.0,3.0
5743,Eragrostis pilosa,20.5,1200.0,3.0
8409,Peltandra virginica,20.0,1750.0,3.5
754,Coleus amboinicus,23.0,2350.0,3.5
633,Casimiroa edulis,22.5,2250.0,3.0
8532,Phragmites australis,23.5,1350.0,3.0
6149,Ficus glumosa,28.5,900.0,4.5
5632,Elaeis oleifera,24.0,2100.0,3.0
6109,Festuca rubra var. commutata,12.0,975.0,3.5
10145,Stylosanthes fruticosa,20.0,1390.0,3.5
3386,Arracacia xanthorrhiza,19.0,1200.0,3.0
16275,Quercus chrysolepis,21.0,1475.0,3.5
658,Ceiba pentandra,26.0,1875.0,4.5
372340,Tricholaena capensis,23.5,325.0,3.0
8533,Phragmites communis,21.5,500.0,3.0
5123,Cymbopogon martini var. motia,26.0,950.0,2.5
10802,Vicia benghalensis,19.0,985.0,3.0
3387,Arrhenatherum elatius,16.5,950.0,3.5
363339,Donaldsonia stenopetala,31.5,1500.0,3.5
10663,Uncaria gambir,28.0,2300.0,4.0
720,Citrus sinensis,25.5,1575.0,4.5
5125,Cymbopogon martini var. sofia,27.0,1650.0,2.5
5101,Cybistax donnellsmithii,25.5,2000.0,4.5
1676,Phragmites karka,22.5,2600.0,3.0
1033,Syzygium malaccense,24.5,1600.0,3.0
15820,Peltophorum africanum,27.0,1850.0,4.5
10146,Stylosanthes guianensis var. guianensis,24.5,2750.0,3.0
634,Cassia alata,22.5,2465.0,3.0
1012,Erythrina variegata,22.0,1750.0,3.0
821,Cucurbita pepo,23.0,1550.0,3.0
5124,Cymbopogon nardus var. lenabatu,26.0,2425.0,3.0
6110,Festuca rubra var. rubra,13.0,1000.0,3.5
8410,Peltophorum pterocarpum,25.0,2500.0,3.0
2018,Stylosanthes hamata,25.0,1175.0,3.0
9916,Solanum x juzepczukii,10.5,900.0,3.0
4768,Coleus parviflorus,21.0,1650.0,3.5
372259,Stylosanthes hamata (diploid),25.0,1175.0,3.0
3376,Aristida pennata,17.5,325.0,4.5
4646,Citrus unshiu,23.0,1500.0,4.5
10104,Stripa baicalensis,20.5,500.0,3.0
4283,Cassia brewsteri,26.0,1000.0,3.0
372260,Stylosanthes hamata (tetraploid),25.5,1250.0,3.0
6567,Guizotia abyssinica,22.5,1750.0,3.0
372263,Trifolium burchellianum,21.0,1562.5,3.5
4665,Cleistogenes chinensis,20.0,550.0,3.0
683,Chloris virgata,22.5,1450.0,3.5
10148,Stylosanthes humilis,25.5,1825.0,4.5
10105,Stripa breviflora,20.5,225.0,3.5
963,Durio zibethinus,28.5,2350.0,4.0
7444,Lycium chinense,20.0,1250.0,4.5
2228,Canna edulis,20.5,2125.0,3.5
10150,Stylosanthes scabra,22.5,1525.0,3.0
10106,Stripa capillata,22.5,295.0,3.5
7936,Neofabricia myrtifolia,27.0,1200.0,3.0
10527,Trifolium campestre,15.0,885.0,4.5
3377,Aristida plumosa,17.5,375.0,4.5
9107,Quercus dilatata,17.0,1750.0,2.5
2246,Corylus avellana,20.0,1000.0,4.5
8571,Picea abies,14.0,600.0,3.5
660,Celosia argentea,30.0,2000.0,4.5
10107,Stripa glareosa,20.5,275.0,3.5
10982,Euchlaena mexicana,17.5,1550.0,4.5
6040,Euphorbia tirucalli,26.5,625.0,4.5
612,Canna indica,19.0,2750.0,3.0
6623,Harungana madagascariensis,24.0,2250.0,3.0
10108,Stripa gobica,17.5,200.0,4.5
635,Cassia fistula,26.0,2000.0,3.5
4040,Calendula officinalis,19.0,1400.0,4.5
10109,Stripa grandis,21.5,400.0,3.0
16277,Quercus dumosa,21.0,765.0,4.5
372261,Stylosanthes seabrana,22.5,900.0,3.5
7937,Neoglazovia variegata,25.0,600.0,4.5
326,Aeschynomene americana,21.0,2300.0,3.0
6569,Gunnera tinctoria,20.0,2250.0,3.5
17653,Elaeocarpus grandis,23.0,2250.0,3.0
372219,Aeschynomene brasiliana,24.5,1425.0,3.5
4564,Cinchona ledgeriana,17.5,2600.0,3.5
3389,Artemisia abrotanum,15.0,775.0,3.0
3379,Aristida pungens,17.5,300.0,4.5
6707,Hibiscus sabdariffa var. altissima,24.0,2000.0,4.5
4565,Cinchona officinalis,17.0,2700.0,3.5
1668,Phaseolus vulgaris,19.5,2300.0,3.0
1398,Macrotyloma axillare,23.5,1687.5,3.5
6708,Hibiscus sabdariffa var. sabdariffa,23.0,2000.0,4.5
9001,Psathyrostachys juncea,15.0,700.0,3.0
4509,Chlorogalum pomeridianum,22.0,510.0,3.5
5531,Doryphora sassafras,21.0,1500.0,3.0
12170,Agrostis stolonifera,24.5,1000.0,3.0
7130,Lannea coromandelica,27.5,2200.0,4.5
697,Cinchona pubescens,18.5,2700.0,3.5
197462,Aeschynomene evenia,24.0,1150.0,3.5
2770,Acmena smithii,22.0,1350.0,3.0
10568,Tristania conferta,23.0,1300.0,3.0
2020,Stylosanthes viscosa,26.0,1715.0,3.0
12493,Asclepias speciosa,19.0,700.0,3.5
2851,Aeschynomene falcata,20.0,1600.0,3.5
17405,Valeriana officinalis,18.5,750.0,3.5
8765,Poa annua,17.5,2300.0,3.5
3423,Artocarpus altilis,28.0,2250.0,3.5
9481,Salix flavida,22.5,475.0,4.5
1334,Lawsonia inermis,23.0,2225.0,3.0
4127,Cannabis sativa ssp. indica,19.0,2175.0,3.0
4395,Cenchrus setigerus,27.5,1350.0,3.5
4548,Chukrasia velutina,26.0,2500.0,3.5
30442,Brachylaena huillensis,22.5,1050.0,3.0
372264,Trifolium decorum,16.5,1500.0,3.0
7396,Lonchocarpus nicou,28.0,2550.0,3.5
7668,Melaleuca arcana,28.0,1600.0,3.0
200000,Astragalus adsurgens,26.0,450.0,3.0
3392,Artemisia annua,22.5,900.0,3.5
1311,Lablab purpureus,20.5,1350.0,4.5
38133,Girardinia diversifolia,18.0,2650.0,3.5
2662,Acacia millifera,26.0,565.0,4.5
197464,Aeschynomene histrix,23.5,1555.0,3.0
14047,Erythroxylum coca,20.5,2350.0,4.5
1399,Macrotyloma uniflorum,26.0,2300.0,3.0
6102,Festuca arundinacea,17.5,950.0,3.0
5117,Cydonia oblonga,21.0,800.0,3.0
2852,Aeschynomene indica,22.5,1300.0,3.0
7671,Melaleuca dealbata,25.0,1250.0,3.0
8576,Picea morida,17.0,1750.0,3.5
3428,Artocarpus chaplasha,25.0,3750.0,3.5
4042,Calliandra calothyrsus,26.0,2850.0,3.5
1514,Myristica fragrans,25.0,2600.0,4.0
11067,Abutilon theophrasti,20.0,1750.0,3.0
10808,Vicia monantha,15.0,790.0,3.5
3380,Aristida raddiana,17.5,325.0,4.5
5158,Cyperus esculentus,17.0,1000.0,3.5
17657,Eusideroxylon zwageri,24.0,3250.0,3.5
6163,Ficus macrophylla,22.0,1350.0,3.0
3917,Bromus inermis,23.5,950.0,3.5
10809,Vicia narbonensis,18.0,650.0,3.5
6252,Fortunella hindsii,26.0,2350.0,3.0
7672,Melaleuca lanceolata,25.5,475.0,4.5
1110,Fortunella japonica,26.0,2350.0,3.0
459,Artocarpus heterophyllus,25.0,2450.0,3.0
922,Digitaria decumbens,20.5,590.0,4.5
2300,Fortunella margarita,26.0,2350.0,3.0
149006,Acokanthera schimperi,21.5,700.0,4.5
4704,Cnidoscolus chayamansa,25.0,1500.0,3.0
1430,Melaleuca leucadendron,29.0,1125.0,4.5
3575,Avicennia germinans,22.5,2500.0,3.0
6271,Fraxinus excelsior,19.0,900.0,3.0
920,Digitaria didactyla,28.5,975.0,3.0
5599,Echinochloa polystachya,23.0,3250.0,3.0
10086,Stipa barbata,17.5,600.0,4.5
3433,Artocarpus hirsutus,27.0,3100.0,3.5
7895,Myroxylon balsamum,24.0,2675.0,3.0
1220,Hibiscus syriacus,26.0,1000.0,3.5
2664,Acacia murrayana,23.5,300.0,4.5
1894,Samanea saman,27.5,2000.0,4.5
7896,Myroxylon balsamum var. perei.,26.0,2675.0,3.0
2569,Acacia acradenia,25.0,600.0,3.0
3576,Avicennia marina,23.5,2500.0,4.5
7227,Lepidium sativum,15.5,1550.0,3.5
750,Coffea canephora,24.0,2450.0,3.5
3435,Artocarpus integer,31.5,2875.0,3.5
921,Digitaria eriantha ssp. eriantha,25.5,1650.0,4.5
367,Allium sativum,21.0,1600.0,3.0
363,Allium ampeloprasum,16.5,1575.0,3.0
8768,Poa bulbosa,15.5,700.0,3.0
9645,Sclerocarya caffra,27.5,1200.0,4.5
9065,Puccinellia tenuiflora,20.5,425.0,4.5
2665,Acacia neriifolia,23.5,600.0,3.0
2318,Lansium domesticum,26.0,2000.0,3.5
2809,Adansonia gregorii,27.5,1225.0,4.5
1431,Melaleuca quinquenervia,23.0,2850.0,3.0
9615,Schizolobium parahybum,19.5,1400.0,4.5
5329,Digitaria exilis,24.5,1600.0,3.0
9527,Sambucus canadensis,15.0,2150.0,3.0
15753,Panicum trichocladum,23.0,2950.0,3.5
4006,Caesalpinia sappan,26.0,2500.0,3.0
7156,Lathyrus cicera,13.0,500.0,4.5
8138,Oryza glaberrima,27.0,1700.0,3.0
9616,Schizomeria ovata,19.5,1500.0,3.0
9528,Sambucus cerulea,16.5,2300.0,3.0
1205,Heritiera littoralis,22.5,2000.0,3.0
3437,Artocarpus lakoocha,27.5,3100.0,3.5
2508,Coffea excelsa,20.5,2150.0,3.5
1448,Mentha arvensis var. piperascens,16.5,2400.0,3.5
38279,Faurea saligna,25.5,950.0,4.5
238002,Vicia sativa ssp. nigra,16.0,755.0,3.5
8288,Panicum turgidum,24.0,350.0,4.5
7675,Melaleuca viridiflora,27.5,1000.0,3.0
9018,Psidium friedrichsthalianum,23.5,1655.0,3.0
810,Allium schoenoprasum,18.5,1550.0,4.5
10530,Trifolium fragiferum,16.0,825.0,3.5
5603,Echinochloa utilis,22.5,975.0,4.5
31703,Acanthosicyos horridus,25.0,262.5,4.5
2735,Acanthosicyos naudinianus,22.0,400.0,4.5
6051,Euterpe chaunostachys,26.0,4300.0,3.5
197471,Aeschynomene villosa,21.0,1430.0,3.5
3256,Anthephora pubescens,24.0,562.5,4.5
1068,Feijoa sellowiana,22.0,1150.0,3.5
6052,Euterpe edulis,22.0,2050.0,3.0
4312,Castanea crenata,21.0,1600.0,4.5
1804,Psidium guajava,27.5,2700.0,3.0
830,Cyamopsis tetragonoloba,27.5,1550.0,4.5
2125,Urena lobata,25.0,2425.0,4.5
372338,Trifolium glanduliferum,12.5,475.0,3.0
4313,Castanea dentata,20.0,1000.0,3.0
1822,Pueraria lobata,20.5,1575.0,4.5
4314,Castanea mollissima,20.0,1200.0,4.5
2943,Ailanthus altissima,23.0,925.0,2.5
7157,Lathyrus hirsutus,17.0,805.0,3.0
3666,Bauhinia racemosa,26.0,1425.0,3.5
2945,Ailanthus grandis,23.0,3500.0,4.5
2413,Sambucus nigra,17.5,1200.0,3.5
2234,Castanea sativa,18.5,1050.0,3.0
10626,Tylosema esculentum,33.0,450.0,3.0
3578,Axonopus affinis,24.5,2425.0,3.0
6054,Euterpe oleracea,24.0,2100.0,3.0
1824,Pueraria phaseoloides,23.5,2575.0,3.5
3669,Bauhinia rufescens,33.0,725.0,3.0
10370,Tetragonia tetragonioides,23.0,1850.0,3.0
78092,Melilotus albus,20.0,712.5,3.0
3504,Astragalus gummifer,17.5,375.0,3.0
1191,Helianthus annuus,25.0,950.0,4.5
418,Anthocephalus chinensis,28.5,3200.0,4.5
5044,Cunninghamia lanceolata,17.5,1500.0,4.5
2099,Mentha piperita,19.5,2350.0,3.5
485,Axonopus compressus,25.5,2887.5,2.5
1574,Oryza sativa,23.0,2500.0,3.0
8143,Oryza sativa ssp. indica,27.0,2500.0,3.0
197703,Aiphanes aculeata,25.0,3000.0,4.0
8144,Oryza sativa ssp. javanica,27.0,2400.0,3.0
10816,Vicia villosa ssp. dasycarpa,18.0,650.0,3.0
2857,Aesculus indica,18.0,1580.0,3.5
7689,Melilotus indica,16.0,775.0,3.0
8852,Polymnia sonchifolia,17.5,1000.0,3.5
576,Cajanus cajan,27.5,2200.0,4.5
15319,Mentha rotundifolia,17.0,1600.0,3.5
5967,Eugenia dombeyi,26.5,2150.0,3.5
508,Bauhinia variegata,26.0,1450.0,4.5
238008,Vicia villosa sp. varia,22.0,950.0,3.0
1420,Manihot esculenta,22.5,2750.0,3.0
148974,Uvaria scheffleri,23.5,1250.0,3.5
10532,Trifolium hirtum,17.5,825.0,3.5
3348,Arenga pinnata,24.0,3000.0,3.0
238009,Vicia villosa ssp. villosa,15.0,1000.0,3.0
9185,Rauvolfia serpentina,19.5,2800.0,3.5
3580,Axonopus scoparius,19.5,1625.0,3.0
1212,Hevea brasiliensis,27.5,3600.0,3.0
2737,Acanthus mollis,24.0,700.0,3.5
3922,Bromus marginatus,14.0,705.0,3.0
4992,Cryptocarya erythroxylon,20.0,1350.0,3.0
6295,Furcraea gigantea var. willemettiana,25.0,1600.0,3.5
7691,Melilotus officinalis,16.5,950.0,3.0
3402,Artemisia dracunculus,15.0,825.0,3.0
3308,Arachis glabrata,23.5,2300.0,3.0
5745,Eragrostis superba,22.5,775.0,3.5
5343,Dillenia pentagyna,27.0,2875.0,3.0
7710,Mentha spicata var. crispa,20.0,1400.0,3.5
10533,Trifolium hybridum,15.5,1050.0,3.0
4523,Chrysanthemum coccineum,15.5,950.0,4.5
8146,Oryzopsis holciformis,12.0,450.0,3.0
1488,Morinda citrifolia,24.0,2450.0,3.0
7205,Lemna minor,17.5,2750.0,2.5
3351,Argania sideroxylon,22.5,250.0,4.5
44088,Dalbergia melanoxylon,28.0,1050.0,4.0
10631,Typha domingensis,22.0,925.0,3.0
1203,Hemarthria altissima,22.5,1300.0,3.0
5746,Eragrostis tef,16.0,1400.0,4.5
10534,Trifolium incarnatum,16.0,900.0,3.0
2779,Acorus calamus,17.0,2315.0,3.0
4094,Campanula rapunculus,14.5,950.0,3.0
14060,Eugenia jambos,22.5,2350.0,3.5
5655,Eleusine africana,21.0,2250.0,3.0
2524,Vigna aconitifolia,29.0,1450.0,4.5
10633,Typha latifolia,18.0,2150.0,3.0
7692,Melilotus suaveolens,14.5,850.0,3.0
1382,Macadamia integrifolia,21.5,2100.0,4.5
3310,Arachis pintoi,21.0,1950.0,3.0
9114,Quercus ilex,20.0,562.5,3.5
5588,Dysoxylum fraseranum,21.0,1350.0,4.5
7944,Nepeta cataria,15.0,850.0,3.0
8473,Petalostigma pubescens,27.0,800.0,3.0
1384,Macadamia tetraphylla,23.0,1925.0,3.5
985,Eleusine indica,20.5,2375.0,3.0
2742,Acehmea magdalenae,24.0,1100.0,3.5
16595,Samolus valerandi,22.0,900.0,3.5
227247,Pinus elliottii ssp. elliottii,22.0,1575.0,4.5
10088,Stipa lagascae,17.5,450.0,4.5
2743,Acer caesium,18.5,1405.0,3.5
6256,Fragaria chiloensis,16.0,1100.0,3.0
9118,Quercus incana,20.0,2000.0,3.5
2588,Acacia brachystachya,31.0,325.0,4.5
10700,Vaccinium angustifolium,17.0,750.0,3.0
7208,Lemuropisum edule,26.0,450.0,4.5
2680,Acacia plectocarpa,28.0,1000.0,4.5
2348,Moringa oleifera,27.5,1500.0,3.0
2589,Acacia brassii,25.0,1250.0,3.0
5349,Dimocarpus longan var. longan,21.5,1900.0,3.5
8631,Pinus excelsa,21.5,1425.0,4.5
5748,Eragrostis tremula,19.0,500.0,4.5
7209,Lens culinaris,18.5,1375.0,3.0
1315,Lagenaria siceraria,25.0,1750.0,3.0
4567,Cinnamomum burmannii,22.5,2650.0,3.0
699,Cinnamomum camphora,21.0,2300.0,3.5
7407,Lophostemon suaveolens,25.0,1300.0,3.0
4568,Cinnamomum cassia,24.0,1950.0,3.0
7032,Juniperus procera,31.0,800.0,4.5
2100,Trichosanthes cucumerina,26.0,2450.0,3.5
8632,Pinus gerardiana,21.0,562.5,4.5
15851,Petasites hybridus,14.5,800.0,3.0
2149,Vigna mungo,24.0,1480.0,4.5
7745,Michelia champaca,28.5,3650.0,4.5
5046,Cupressus arizonica,21.0,500.0,3.5
513,Benincasa hispida,24.5,1550.0,3.5
1437,Melinis minutiflora,22.0,1700.0,3.5
4570,Cinnamomum loureirii,25.5,2500.0,3.0
2683,Acacia polystachya,26.5,1600.0,3.0
8633,Pinus greggii,18.0,725.0,4.0
2590,Acacia burrowii,24.0,525.0,4.5
1543,Nypa fruticans,27.5,2500.0,4.5
2863,Aframomum corrorima,21.0,2100.0,4.0
6975,Ixophorus unisetus,22.5,1500.0,3.5
5192,Dalbergia sissoo,27.5,2400.0,4.5
2301,Fragaria vesca,16.5,1550.0,3.0
6613,Haloxylon aphyllum,29.0,250.0,4.0
15627,Ornithopus compressus,17.5,562.5,3.0
8635,Pinus hartwegii,15.0,1250.0,3.0
10644,Uapaca kirkiana,22.0,1250.0,3.0
4780,Combretum aculeatum,30.0,525.0,4.0
2441,Thymus vulgaris,17.0,1500.0,4.5
5749,Eragrostis trichodes,19.0,825.0,3.0
148306,Trachypogon spicatus,27.5,975.0,3.0
11399,Vigna oblongifolia,21.5,775.0,3.0
9121,Quercus lamellosa,18.0,3500.0,3.5
10473,Trachyspermum ammi,20.0,900.0,3.0
9122,Quercus lanuginosa,17.0,2250.0,3.0
8556,Physalis philadelphica,19.5,850.0,3.0
2684,Acacia pruinocarpa,25.5,212.5,4.5
801,Crotalaria juncea,22.0,2250.0,3.0
4975,Crotalaria lanceolata,20.5,1825.0,3.5
8637,Pinus kesiya,23.0,1600.0,4.5
8129,Ornithopus sativus,17.5,700.0,3.0
10733,Vangueria infausta,24.0,1100.0,3.5
3771,Borojoa patinoi,23.5,5750.0,3.5
318,Adenanthera pavonina,24.0,4000.0,3.5
10537,Trifolium michelianum,20.0,550.0,3.0
10827,Vigna parkeri,21.5,2500.0,3.5
1096,Allium cepa var. aggregatum,20.0,650.0,3.0
2780,Acrocarpus fraxinifolius,25.0,1350.0,3.0
551,Allium cepa var. cepa,17.0,1550.0,3.0
7605,Manilkara zapota,26.5,1200.0,3.5
6262,Fragaria virginiana,16.0,1050.0,3.0
2685,Acacia pycnantha,20.0,1450.0,3.0
1317,Lagerstroemia flos-reginae,24.5,3150.0,3.0
10734,Vangueria madagascariensis,23.0,1550.0,4.5
6196,Ficus subcordata,27.0,1700.0,3.0
7639,Mauritia flexuosa,26.0,3700.0,3.5
2296,Flacourtia indica,29.0,1250.0,3.0
248814,Markhamia lutea,23.0,1500.0,4.5
232965,Senna spectabilis,20.0,1050.0,4.5
10581,Triticum dicoccon,14.5,900.0,3.0
4073,Calophyllum apetalum,25.0,4650.0,3.5
5727,Eragrostis chloromelas,18.5,775.0,4.5
3270,Anthyllis vulneraria,15.5,775.0,3.0
7092,Lagerstroemia lanceolata,27.5,2875.0,2.5
8965,Prunus avium,23.0,900.0,4.5
5048,Cupressus lusitanica,21.0,2400.0,3.5
9639,Scirpus lacustris,19.0,925.0,3.0
9535,Sanguisorba minor,15.0,800.0,3.0
5728,Eragrostis cilianensis,22.5,575.0,4.5
1793,Prosopis alba,17.5,400.0,4.0
10089,Stipa parviflora,17.5,450.0,4.5
2919,Agropyron cristatum,25.0,550.0,3.5
5049,Cupressus macrocarpa,21.0,1150.0,3.5
4075,Calophyllum elatum,27.0,5000.0,3.5
10704,Vaccinium corymbosum,24.5,1000.0,3.0
10563,Tripsacum andersonii,23.5,2000.0,3.5
1112,Fragaria x ananassa,17.0,1000.0,4.5
8657,Pinus strobus var. chiapensis,25.0,1750.0,4.5
7994,Nothofagus cunninghamii,18.5,1950.0,3.5
2000,Spondias cytherea,23.5,1400.0,4.5
2447,Tropaeolum tuberosum,14.0,1150.0,3.5
588,Calophyllum inophyllum,26.0,2875.0,4.5
6199,Ficus sycomorus,28.0,1350.0,4.5
1829,Punica granatum,24.0,2300.0,4.5
3369,Aristida adscensionis,20.0,450.0,4.5
8967,Prunus capuli,19.0,1250.0,3.0
8658,Pinus sylvestris,18.5,1150.0,3.0
8779,Poa sinaica,25.0,550.0,4.5
3697,Berchemia discolor,24.0,800.0,3.0
2920,Agropyron dasystachyum,18.5,1200.0,3.0
2994,Allium chinense,21.5,2375.0,3.0
355151,Schima wallichii,25.0,3100.0,3.0
38122,Ficus thonningii,26.0,1550.0,3.5
2921,Agropyron desertorum,25.0,650.0,3.5
4076,Calophyllum peekelii,24.0,2650.0,3.0
7995,Nothofagus moorei,20.0,1500.0,3.0
372329,"Urochloa mosambicensis, pullulans type",23.0,1150.0,3.5
2198,Antidesma bunius,25.0,2650.0,3.5
2002,Spondias mombin,24.0,1700.0,4.5
2922,Agropyron elongatum,13.5,900.0,3.0
7037,Justicia adhatoda,22.0,2350.0,3.5
2360,Nephelium mutabile,28.0,2725.0,4.0
5053,Cupressus torulosa,25.0,1525.0,3.0
372327,"Urochloa mosambicensis, stolonifera type",20.0,750.0,3.5
8487,Phalaris aquatica,15.5,1500.0,3.5
7618,Marrubium vulgare,18.5,800.0,4.5
2787,Acrocomia totai,26.0,1625.0,4.5
1210,Heteropogon contortus,29.0,1225.0,4.5
8488,Phalaris arundinacea,20.0,1450.0,3.0
8544,Phyllocladus aspleniifolius,17.5,2000.0,4.0
8970,Prunus cerasus,17.0,1600.0,3.0
3036,Aloe ferox,20.0,550.0,3.0
4145,Capparis decidua,26.5,450.0,4.0
7548,Mallotus philippensis,26.0,2800.0,3.5
1059,Excoecaria agallocha,26.0,2450.0,4.5
8947,Prosopis cineraria,28.0,500.0,3.0
2877,Afzelia africana,25.0,1750.0,3.0
7695,Melocanna baccifera,26.5,2500.0,4.0
5731,Eragrostis curvula,22.5,750.0,3.0
2924,Agropyron mongolicum,24.0,235.0,4.5
12320,Andrographis paniculata,26.0,2750.0,3.0
16203,Prunus domestica,21.0,1200.0,4.5
9612,Schinus molle,18.5,460.0,4.0
18352,Ruta graveolens,17.0,1450.0,3.0
4214,Cardwellia sublimis F.Muell,24.0,2600.0,3.0
9421,Ruta graveolens var. bracteosa,17.0,1450.0,4.5
17162,Taxodium distichum,21.0,1300.0,3.5
3961,Buchloe dactyloides,17.5,700.0,4.5
2600,Acacia cowleana,28.5,350.0,4.5
364407,Frithia humilis,24.0,750.0,3.0
8490,Phalaris canariensis,15.5,1250.0,3.0
2925,Agropyron repens,24.5,850.0,3.5
10591,Triticum spelta,14.0,950.0,3.0
7164,Lathyrus sativus,18.0,1660.0,3.0
8108,Orbignya cohume,27.0,2350.0,3.5
2601,Acacia crassicarpa,27.0,2250.0,3.0
2881,Afzelia quanzensis,25.0,1050.0,3.0
2926,Agropyron riparium,17.0,755.0,3.0
595,Calopogonium caeruleum,21.0,1850.0,2.5
478,Asystasia gangetica,22.5,1600.0,3.0
2927,Agropyron sibiricum,25.0,550.0,3.0
75061,Orbignya phalerata,27.5,5000.0,3.0
596,Calopogonium mucunoides,27.0,2600.0,3.0
2928,Agropyron smithii,23.5,685.0,3.0
3327,Archidendron jiringa,26.0,2500.0,3.0
828,Curcuma longa,25.0,1900.0,3.5
2756,Acer saccharum,16.0,1000.0,3.0
3131,Ammophila arenaria,13.5,850.0,3.0
847,Cynara scolymus,17.5,900.0,3.0
2929,Agropyron spicatum,13.0,685.0,3.5
2131,Vanilla planifolia,21.5,2250.0,1.5
5700,Ensete ventricosum,19.0,1300.0,4.5
565,Broussonetia papyrifera,25.0,1750.0,3.0
2824,Adina cordifolia,26.0,2650.0,3.5
2930,Agropyron tauri,15.0,650.0,3.0
2932,Agropyron trichophorum,15.0,650.0,3.0
8076,Oncosperma tigillarium,22.5,2250.0,3.5
936,Dioscorea alata,27.0,4350.0,3.5
10062,Sterculia campanulata,26.5,3450.0,4.5
2957,Albizia adianthifolia,24.5,2450.0,3.0
2698,Acacia seyal,30.0,1325.0,3.0
17797,Chenopodium album,17.0,1750.0,3.0
2699,Acacia shirleyi,26.5,575.0,4.5
6104,Festuca idahoensis,12.0,775.0,3.5
4481,Chenopodium album ssp. album,17.0,1550.0,3.0
3370,Aristida ciliata,17.5,325.0,4.5
5066,Curcuma zedoaria,23.0,2500.0,3.5
2605,Acacia dealbata,19.0,900.0,3.0
1104,Flemingia macrophylla,24.0,2300.0,3.5
49167,Stipagrostis amabilis,27.5,175.0,4.0
8951,Prosopis juliflora,29.5,675.0,4.5
5296,Dichanthium sericeum,21.0,725.0,3.0
1937,Sesamum indicum,25.0,900.0,4.5
7978,Nicotiana rustica,25.0,650.0,4.5
5701,Entada abyssinica,25.0,1250.0,3.5
4346,Casuarina obesa,24.5,850.0,3.0
2701,Acacia silvestris,20.5,850.0,3.0
9086,Pyrus pyrifolia,23.5,1250.0,3.0
3356,Argyrodendron actinophyllum,22.0,1250.0,3.0
372266,Trifolium quartinianum,19.5,1350.0,3.0
2702,Acacia simsii,25.0,1250.0,3.0
548,Brassica juncea,23.5,2350.0,3.0
3357,Argyrodendron peralatum,26.5,2525.0,4.5
8078,Onobrychis scrobiculata,18.0,550.0,3.0
3699,Bertholletia excelsa,26.0,2450.0,4.0
74962,Chamaecrista nictitans,22.5,1275.0,3.0
7682,Melia azedarach var. australasica,23.5,775.0,3.0
2105,Trifolium repens,15.0,1200.0,3.5
8079,Onobrychis viciifolia,19.0,675.0,3.0
7098,Laguncularia racemosa,24.0,2000.0,3.0
4483,Chenopodium ambrosioides,17.5,2250.0,3.0
372218,Albizia basaltica,23.5,600.0,3.0
2608,Acacia dictyophleba,23.0,300.0,4.5
1534,Nicotiana tabacum,21.0,1675.0,3.5
2609,Acacia difficilis,27.5,975.0,3.0
4352,Catha edulis,19.5,850.0,3.5
3962,Buckinghamia celsissima,24.5,1550.0,3.0
2766,Achnatherum splendens,11.5,350.0,3.0
1407,Malus domestica,20.5,1850.0,3.0
7533,Maesopsis eminii,26.0,2100.0,4.5
8953,Prosopis pallida,25.5,750.0,4.5
7683,Melia compostia,27.0,2125.0,3.0
3608,Balanites aegyptiaca,28.0,950.0,4.5
3529,Atalaya hemiglauca,26.0,425.0,4.5
6066,Exotheca abyssinica,16.5,1025.0,4.5
2442,Tragopogon porrifolius,13.0,750.0,3.0
549,Brassica napus,23.0,1600.0,3.0
3861,Brassica napus var. napobrassica,20.0,1000.0,3.5
4159,Capparis spinosa,20.5,1450.0,4.5
2958,Albizia chevalieri,26.5,750.0,4.5
1661,Petroselinum crispum,17.5,1550.0,3.5
652,Catharanthus roseus,22.0,1100.0,4.5
6551,Grewia tiliifolia,27.0,2375.0,3.5
75756,Acacia doratoxylon,27.0,562.5,3.0
5144,Cynodon plectostachyus,24.5,2225.0,3.0
2959,Albizia chinensis,30.0,3000.0,3.0
3531,Athrotaxis selaginoides,16.5,1475.0,3.0
550,Brassica nigra,16.0,1400.0,3.5
5302,Dichrostachys cinerea,30.0,400.0,4.5
938,Dioscorea bulbifera,25.0,2450.0,3.0
305322,Melia volkensii,24.0,650.0,4.5
10741,Vateria indica,27.5,2750.0,2.5
4161,Capparis tomentosa,28.0,775.0,4.0
10541,Trifolium rueppellianum,17.5,1350.0,3.0
7964,Neptunia prostrata,26.5,2500.0,4.5
3500,Astragalus cicer,18.5,950.0,3.0
10017,Sporobolus airoides,17.0,900.0,4.5
5661,Elymus canadensis,14.5,815.0,3.0
1689,Pimenta dioica,22.5,2250.0,3.0
6965,Ischaemum ciliare,30.0,3750.0,3.5
554,Brassica oleracea var. capitata,19.5,1400.0,3.5
9138,Quercus robur,23.0,675.0,3.5
8983,Prunus mume,22.0,900.0,3.0
347,Albizia falcataria,28.5,3250.0,3.0
5369,Dioscorea cayenensis,26.0,1950.0,2.5
10126,Strychnos cocculoides,26.0,900.0,4.5
6237,Flindersia bourjotiana,24.0,2450.0,3.0
4999,Cryptotaenia japonica,20.0,2000.0,3.0
6105,Festuca longifolia,16.5,775.0,3.5
2144,Vetiveria zizanioides,28.5,2600.0,3.0
8594,Pimenta racemosa,25.0,1750.0,3.0
555,Brassica oleracea var. gemmifera,16.0,1750.0,3.0
7058,Khaya senegalensis,27.5,1075.0,3.5
599,Camellia sinensis,21.5,3000.0,3.5
2220,Brassica oleracea var. gongyloides,15.0,1200.0,3.0
42696,Burkea africana,26.0,750.0,4.5
1500,Muntingia calabura,23.0,1700.0,3.0
17278,Trapa natans,22.5,950.0,3.0
8955,Prosopis spicigera,27.5,487.5,4.5
556,Brassica oleracea var. italica,19.0,1175.0,4.0
5706,Enterolobium cyclocarpum,27.0,1800.0,4.5
8958,Prosopis tamarugo,22.0,200.0,4.0
5664,Elymus condensatus,10.0,775.0,3.0
2934,Agrostis canina,23.5,700.0,3.0
5753,Eremochloa ophiuroides,23.0,1050.0,3.5
33121,Rhigozum trichotomum,27.5,200.0,5.0
2894,Agave cantala,24.0,1550.0,3.0
8595,Pimpinella anisum,17.5,1150.0,3.0
372267,Trifolium steudneri,20.0,1350.0,3.0
1283,Ischaemum rugosum,22.5,2250.0,2.5
8959,Prosopis velutina,26.5,720.0,4.5
10081,Sterculia urens,27.0,1100.0,4.5
1410,Malus sylvestris,20.5,1100.0,3.0
942,Dioscorea rotundata,26.5,1900.0,3.0
4053,Callitris columellaris,22.5,1225.0,4.5
10082,Sterculia villosa,27.0,2375.0,4.5
4054,Callitris endlicheri,25.0,650.0,3.0
5620,Ehrharta calycina,14.0,450.0,4.5
4055,Callitris glauca,22.0,510.0,4.5
11655,Tipuana tipu,23.0,800.0,4.5
1213,Hibiscus cannabinus,22.5,1725.0,3.0
4056,Callitris macleayana,19.5,1500.0,3.0
6114,Ficus abutilifolia,22.0,1625.0,4.5
42642,Albizia harveyi,22.5,1200.0,3.0
8917,Pouteria sapota,25.5,2400.0,3.5
4058,Callitris preissii ssp. preissii,18.5,750.0,3.0
10135,Strychnos spinosa,23.5,1050.0,4.5
1193,Helianthus tuberosus,18.5,1150.0,3.0
7437,Lupinus pilosus,16.0,1175.0,3.0
4659,Clausena lansium,23.5,2500.0,3.0
355150,Pycnanthus angolensis,24.5,1600.0,4.5
4057,Callitris preissii var. Murray,20.0,400.0,4.5
10544,Trifolium subterraneum,16.5,940.0,3.5
9545,Santalum acuminatum,22.5,312.5,3.0
10714,Vaccinium myrtillus,15.0,975.0,3.5
4059,Callitris preissii var. verrucosa,21.5,325.0,4.5
9546,Santalum album,24.0,1725.0,4.5
10763,Vernonia amygdalina,25.5,1500.0,4.0
2964,Albizia lophantha,21.0,850.0,3.0
220867,Malva alcea,21.0,950.0,3.5
4178,Capsicum chinense,23.5,1000.0,4.5
3384,Armoracia rusticana,17.0,1045.0,3.0
8450,Pericopsis elata,30.0,1125.0,3.0
4079,Calotropis procera,25.0,350.0,4.5
3982,Bursera simaruba,22.0,1700.0,3.0
2965,Albizia lucida,24.0,3050.0,3.5
8451,Pericopsis mooniana,29.0,1375.0,3.0
10545,Trifolium tomentosum,15.0,600.0,3.0
2056,Tephrosia candida,24.0,1700.0,3.5
689,Chrysophyllum cainito,23.5,1500.0,4.5
1522,Nasturtium officinale,19.0,2250.0,3.5
2896,Agave fourcroydes,25.0,1600.0,4.5
8526,Phoenix sylvestris,30.0,625.0,3.5
18215,Marsilea quadrifolia,23.0,1750.0,2.5
621,Capsicum frutescens,23.5,1200.0,3.0
2357,Nasturtium schlechteri,22.5,2750.0,3.0
4617,Citrofortunella x microcarpa,23.0,1850.0,3.0
5665,Elymus glaucus,10.5,775.0,3.5
3986,Butea monosperma,29.0,2800.0,3.0
4618,Citrullus colocynthis,27.0,2275.0,4.5
5622,Eichhornia crassipes,25.0,2300.0,4.5
2623,Acacia glaucocaesia,20.5,325.0,4.5
5855,Eucalyptus exserta,27.0,950.0,3.0
6458,Glyceria fluitans,21.0,750.0,3.0
10547,Trifolium variegatum,15.5,930.0,3.5
7557,Malva moschata,21.0,1100.0,3.5
7987,Nigella sativa,17.5,700.0,3.0
2363,Ocimum americanum,22.5,1750.0,3.0
8001,Nuphar advena,23.0,1100.0,3.0
2624,Acacia glaucocarpa,24.0,675.0,4.5
5856,Eucalyptus fastigata,17.5,1475.0,4.5
6882,Indigofera arrecta,26.0,2350.0,3.0
7929,Nauclea orientalis,30.0,2300.0,3.0
10548,Trifolium vesiculosum,17.0,980.0,3.0
2966,Albizia odoratissima,26.5,1800.0,3.5
9041,Pterocarpus angolensis,25.0,1250.0,4.5
5857,Eucalyptus fraxinoides,22.0,950.0,3.0
8002,Nuphar lutea,23.5,900.0,3.0
5707,Entolasia imbricata,21.5,1000.0,4.5
7103,Lamium album,17.5,800.0,3.5
7149,Larix decidua,17.5,875.0,3.5
5179,Dacrydium franklinii,20.0,1650.0,3.0
2937,Agrostis gigantea,17.0,750.0,3.0
10489,Trewia nudiflora,27.0,3050.0,3.5
9979,Soymida febrifuga,28.5,1050.0,4.5
3988,Butomus umbellatus,23.5,700.0,3.0
9042,Pterocarpus dalbergioides,26.0,3250.0,3.5
708,Citrullus lanatus,27.5,1100.0,3.0
38291,Protea caffra ssp. caffra,20.0,650.0,3.0
3544,Atriplex gardneri,19.0,362.5,4.5
3046,Alopecurus pratensis,17.0,1000.0,3.0
603,Cananga odorata,25.0,1750.0,3.0
2803,Actinidia arguta,17.5,1350.0,3.5
2499,Bruguiera gymnorrhiza,22.5,4500.0,3.0
5860,Eucalyptus globulus var. bicostata,21.5,1100.0,4.5
9043,Pterocarpus erinaceus,25.5,2300.0,4.5
5863,Eucalyptus globulus var. pseudoglobulus,17.5,900.0,3.0
350,Albizia procera,27.5,2940.0,3.5
889,Actinidia chinensis,21.5,1100.0,4.5
5864,Eucalyptus gomphocephala,21.5,800.0,4.5
3613,Bambusa arundinacea,22.0,2600.0,4.0
1929,Secale cereale,17.0,1200.0,3.0
690,Chrysopogon aciculatus,25.0,1200.0,3.0
1122,Garcinia mangostana,27.5,1950.0,4.0
5865,Eucalyptus gongylocarpa,26.0,212.5,4.5
9549,Santalum spicatum,26.0,325.0,4.5
5181,Dacryodes edulis,23.0,3000.0,3.5
9146,Quercus virginiana,22.5,1650.0,4.5
2967,Albizia pullenii,27.0,3000.0,4.5
1817,Pterocarpus indicus,24.5,2500.0,4.5
10994,Zizania latifolia,24.5,1950.0,4.5
6075,Fagopyrum emarginatum,22.0,800.0,3.0
3545,Atriplex glauca,20.5,375.0,4.5
8120,Origanum onites,19.0,900.0,4.5
9664,Secale montanum,14.0,400.0,3.0
3615,Bambusa balcooa,22.0,2600.0,4.0
2285,Fagopyrum esculentum,23.5,850.0,3.0
6630,Hedysarum carnosum,17.5,350.0,3.0
9044,Pterocarpus lucens,26.0,575.0,4.5
1021,Eucalyptus grandis,23.5,2350.0,4.5
5867,Eucalyptus guilfoylei,21.0,1200.0,3.0
6631,Hedysarum coronarium,19.0,1400.0,3.0
5008,Cucumis anguria,20.0,1000.0,3.0
45195,Ekebergia capensis,25.0,1600.0,4.5
5868,Eucalyptus gummifera,25.0,1250.0,3.0
10862,Vitellaria paradoxa,30.5,1050.0,3.0
6632,Hedysarum flexuosum,17.5,450.0,3.0
9045,Pterocarpus macrocarpus,26.0,2937.5,4.5
4081,Caltha palustris,14.5,750.0,3.0
4187,Caragana microphylla,30.0,385.0,4.5
6749,Hopea odorata,25.5,3650.0,2.5
4544,Chrysopogon plumulosus,30.0,475.0,4.5
3546,Atriplex halimus,20.5,650.0,4.5
12347,Angelica atropurpurea,16.0,1000.0,3.5
606,Canarium indicum,22.0,3600.0,3.0
5148,Cynometra cauliflora,28.5,1850.0,3.5
5871,Eucalyptus intermedia,23.0,1475.0,3.5
6750,Hopea parviflora,17.5,3500.0,2.5
5872,Eucalyptus intertexta,26.0,425.0,4.0
945,Diospyros kaki,21.5,1650.0,3.0
8516,Phleum pratense,14.0,1050.0,3.5
5873,Eucalyptus jacksonii,20.5,1200.0,3.0
9046,Pterocarpus marsupium,25.5,1375.0,4.5
5874,Eucalyptus jensenii,28.0,975.0,3.0
6353,Garcinia multiflora,25.5,1800.0,4.0
17012,Sparganium erectum,18.0,1000.0,2.5
2830,Aegiceras corniculatum,21.0,2400.0,4.5
5875,Eucalyptus johnstonii,15.5,1350.0,3.0
3798,Bouteloua gracilis,17.0,1550.0,3.5
4730,Cochlospermum religiosum,26.0,1200.0,4.5
1930,Sechium edule,26.0,1600.0,3.5
7200,Leersia hexandra,23.5,2875.0,4.5
3635,Baphia nitida,24.0,2900.0,3.5
5876,Eucalyptus largiflorens,24.0,350.0,4.0
10870,Vitex agnus-castus,21.5,1375.0,3.0
2516,Phaseolus acutifolius,23.0,1000.0,4.5
1848,Rhizophora mangle,24.0,2000.0,3.0
3048,Aloysia triphylla,23.5,1250.0,3.5
5879,Eucalyptus leucoxylon,23.0,750.0,3.0
6751,Hopea utilis,24.0,2850.0,2.5
7542,Majorana hortensis,20.0,1450.0,4.5
5885,Eucalyptus melliodora,20.0,750.0,4.5
1849,Rhizophora mucronata,23.5,2000.0,3.0
7410,Lotus corniculatus,16.5,1125.0,3.5
5624,Elaeagnus angustifolia,20.5,425.0,4.5
6752,Hopea wightiana,26.0,3500.0,2.5
6633,Hedysarum pallidum,17.5,500.0,3.0
5886,Eucalyptus microcarpa,24.0,550.0,4.5
5887,Eucalyptus microcorys,23.5,1550.0,3.5
197937,Alphitonia excelsa,25.5,975.0,3.0
45286,Securidaca longependunculata,26.0,900.0,4.5
3549,Atriplex hortensis,19.5,850.0,4.5
8037,Ocimum tenuiflorum,25.0,4150.0,4.5
4238,Carpinus betulus,20.5,900.0,3.5
7769,Miliusa velutina,27.0,1625.0,3.5
5888,Eucalyptus microtheca,25.0,675.0,4.0
2242,Citrus aurantifolia,25.5,2200.0,4.5
7411,Lotus creticus,21.5,625.0,3.0
6634,Hedysarum spinosissimum,17.5,350.0,3.0
10554,Trigonella foenum-graecum,18.5,965.0,3.0
711,Citrus aurantium,27.0,1175.0,4.5
5890,Eucalyptus moluccana,24.0,950.0,3.0
1851,Rhizophora stylosa,28.0,2075.0,3.0
352,Albizia stipulata,23.5,3050.0,3.5
5891,Eucalyptus muelleriana,21.0,950.0,3.0
744,Cocos nucifera,26.0,2325.0,3.0
1997,Spinacia oleracea,14.5,1000.0,3.0
205644,Citrus aurantium ssp. bergamia,24.5,1675.0,3.0
5892,Eucalyptus nesophila,29.5,1375.0,3.0
5893,Eucalyptus nigra,25.0,1500.0,4.5
5894,Eucalyptus nitens,17.0,1375.0,3.0
9049,Pterocarpus santalinus,26.5,1837.5,4.5
7412,Lotus edulis,16.0,600.0,3.0
4111,Canarium ovatum,26.0,2500.0,3.0
4693,Clinelymus dahuricus,23.0,450.0,4.5
5896,Eucalyptus obliqua,19.0,1750.0,4.5
5897,Eucalyptus occidentalis,22.5,650.0,4.5
355,Aleurites montana,26.0,1750.0,3.0
9168,Raphanus caudatus,23.5,1650.0,3.0
6107,Festuca pratensis,14.0,1300.0,3.5
5899,Eucalyptus odontocarpa,27.5,400.0,4.5
7653,Medicago littoralis,19.5,500.0,3.0
4626,Citrus deliciosa,22.5,1525.0,4.5
3373,Aristida latifolia,26.0,450.0,4.5
339,Agave sisalana,27.5,1150.0,3.0
7413,Lotus halophilus,16.0,400.0,3.0
5901,Eucalyptus oreades,21.5,1275.0,4.5
7654,Medicago lupulina,16.5,1005.0,3.0
815,Cucumis melo,22.0,1700.0,4.5
2968,Albizia toona,24.5,1400.0,3.0
9582,Satureja hortensis,22.0,800.0,4.5
1659,Persea americana,27.5,1400.0,4.5
370377,Adesmia bicolor,15.5,1150.0,3.0
5902,Eucalyptus oxymitra,24.0,175.0,4.5
12484,Asclepias incarnata,22.5,625.0,4.5
5904,Eucalyptus paniculata,19.5,1275.0,4.5
1022,Eucalyptus papuana,28.0,875.0,4.5
78215,Phaseolus bracteatus,22.5,1000.0,3.0
11687,Leucaena pallida,21.0,1250.0,3.0
5905,Eucalyptus patens,22.5,1050.0,3.0
712,Citrus grandis,26.0,2350.0,3.0
5906,Eucalyptus pauciflora,18.5,1250.0,4.5
5907,Eucalyptus pellita,24.0,2450.0,3.5
5908,Eucalyptus phoenicea,29.0,1100.0,4.5
5909,Eucalyptus pilularis,23.0,1300.0,4.5
11291,Raphanus sativus var. radicula,16.5,1650.0,3.0
372217,Adesmia securigerifolia,18.0,950.0,3.5
248817,Eucalyptus piperita,27.0,1450.0,3.0
7656,Medicago orbicularis,19.5,870.0,3.0
199708,Asclepias lanceolata,21.5,1000.0,3.5
9096,Quercus agrifolia,20.0,900.0,3.5
11698,Leucaena salvadorensis,27.5,1500.0,4.5
5910,Eucalyptus planchoniana,22.0,1325.0,4.5
5911,Eucalyptus polyanthemos,22.5,650.0,3.0
7657,Medicago polymorpha,17.0,1105.0,4.0
3385,Arnica montana,15.0,800.0,3.5
5912,Eucalyptus polycarpa,27.0,1000.0,4.5
1665,Phaseolus coccineus,17.5,1500.0,4.5
2059,Tephrosia vogelii,21.0,1785.0,3.0
5913,Eucalyptus populnea,26.5,625.0,4.5
4027,Calamus erinaceus,28.5,3500.0,2.5
372339,Trifolium africanum,27.5,875.0,3.0
11689,Leucaena trichandra,20.0,1600.0,3.5
5915,Eucalyptus propinqua,22.0,1425.0,4.5
3557,Atriplex vesicaria,21.0,500.0,4.5
5917,Eucalyptus pulchella,18.5,750.0,3.0
9097,Quercus alba,19.5,1375.0,3.0
202719,Canavalia brasiliensis,26.0,1250.0,3.0
5918,Eucalyptus punctata,24.0,950.0,3.0
1428,Medicago sativa,25.0,1525.0,3.0
9516,Salvia sclarea,21.5,1650.0,4.5
10521,Trifolium agrarium,16.5,1550.0,4.5
5919,Eucalyptus quadrangulata,22.0,1300.0,3.0
305324,Ocotea usambarensis,19.0,1750.0,4.5
372230,Cratylia argentea,26.0,2500.0,3.0
372221,Biserrula pelecinus,21.0,537.5,3.0
5186,Dactyloctenium giganteum,22.0,550.0,4.5
10522,Trifolium alexandrinum,19.0,1000.0,3.0
536,Brachiaria brizantha,26.5,2250.0,3.5
6621,Hardwickia binata,25.5,875.0,3.5
329,Agathis australis,18.5,1500.0,3.0
693,Cichorium endivia,17.5,1400.0,3.0
4033,Calamus peregrinus,26.0,1800.0,2.5
609,Canavalia ensiformis,25.0,2450.0,3.5
7000,Jessenia bataua,24.5,3900.0,3.5
4631,Citrus latifolia,22.0,1525.0,4.5
2844,Aegle marmelos,27.0,2250.0,3.5
537,Brachiaria decumbens,28.5,1650.0,3.5
6597,Hagenia abyssinica,20.5,1100.0,4.5
2227,Canavalia gladiata,24.0,1600.0,3.5
8039,Octomeles sumatrana,29.0,3500.0,3.0
3805,Brachiaria dura,26.5,1000.0,3.5
9098,Quercus bicolor,25.0,975.0,3.5
3478,Asparagus densiflorus,23.5,1200.0,3.0
2642,Acacia laeta,29.5,490.0,4.5
4256,Carum carvi,16.5,950.0,3.0
333,Agathis robusta,22.0,2950.0,3.0
7172,Lavandula angustifolia,17.5,800.0,4.5
7661,Medicago tornata,14.5,425.0,3.0
28399,Phytolacca dioica,25.0,2800.0,3.5
47139,Terminalia prunioides,27.5,700.0,4.0
1666,Phaseolus lunatus,23.5,2350.0,3.0
714,Citrus limon,24.0,2150.0,4.5
817,Cucumis sativus,22.0,2350.0,4.5
538,Brachiaria humidicola,32.5,2000.0,3.5
1396,Macroptilium atropurpureum,24.5,1500.0,3.5
10355,Terminalia sericocarpa,28.5,1350.0,3.0
7177,Lavandula latifolia,23.0,1000.0,4.5
12200,Alisma plantago-aquatica,15.0,1050.0,4.5
4635,Citrus madurensis,22.0,1750.0,4.5
656,Cedrela odorata,25.0,2150.0,4.5
372247,Macroptilium gracile,26.0,1100.0,3.0
1397,Macroptilium lathyroides,25.0,1950.0,3.5
4698,Clitoria laurifolia,25.5,1665.0,3.0
539,Brachiaria miliiformis,22.5,2600.0,2.5
3561,Attalea funifera,24.0,1950.0,3.0
2643,Acacia latzii,27.0,175.0,4.5
2067,Terminalia superba,27.0,1500.0,4.5
7154,Lasiurus hirsutus,28.0,375.0,3.5
8060,Olea cuspidata,25.0,562.5,3.5
716,Citrus medica,23.5,1400.0,4.5
540,Brachiaria mutica,30.5,2500.0,3.5
2645,Acacia leptocarpa,24.5,1125.0,3.0
738,Clitoria ternatea,23.5,2350.0,3.0
3116,Aronia alnifolia,15.0,805.0,3.5
841,Cymbopogon citratus,26.0,2450.0,4.5
3374,Aristida obtusa,17.5,250.0,4.5
717,Citrus paradisi,27.5,2150.0,4.5
3912,Bromus carinatus,12.0,725.0,3.5
819,Cucurbita maxima,23.5,1575.0,3.0
2646,Acacia leucophloea,25.0,1300.0,4.5
718,Citrus reticulata,25.0,2150.0,4.5
5803,Erythrina abyssinica,20.0,1550.0,4.0
1363,Lolium rigidum,17.5,575.0,3.0
3813,Brachiaria radicans,20.0,1800.0,3.0
970,Echinochloa crus-galli,21.0,1405.0,3.0
7647,Medicago arabica,18.0,805.0,3.5
199890,Aster cordifolius var. cordifolius,21.0,1000.0,3.5
3391,Artemisia afra,23.5,650.0,4.5
7174,Lavandula dentata,17.5,850.0,4.5
722,Citrus sp.,27.5,1575.0,4.5
1107,Foeniculum vulgare,19.0,1450.0,4.5
6119,Ficus auriculata,22.0,1650.0,3.5
12184,Albizia amara,30.0,725.0,4.5
3460,Arundinella hirta,25.0,1135.0,3.5
4004,Caesalpinia coriaria,23.5,2450.0,3.0
504,Basella alba,22.5,2450.0,3.0
4393,Cenchrus pennisetiformis,27.5,495.0,3.5
2681,Acacia podalyriifolia,25.0,850.0,3.0
4089,Camellia sinensis var. assamica,23.5,3250.0,3.5
9175,Raphia hookeri,25.0,3500.0,3.0
1839,Raphanus sativus,23.5,1800.0,3.0
2541,Agropyron intermedium,20.5,730.0,3.0
2120,Ullucus tuberosus,16.5,1300.0,4.5
5126,Cymbopogon nardus var. mahapengiri,26.0,2550.0,4.5
4755,Cola nitida,22.5,2350.0,3.0
4016,Calamagrostis epigeios,19.0,625.0,3.0
7655,Medicago minima,14.5,425.0,3.0
4996,Cryptomeria japonica,17.5,2250.0,3.5
8148,Oryzopsis miliacea,18.5,550.0,3.5
3957,Buchanania latifolia,26.5,1475.0,2.5
1075,Ficus elastica,23.0,1550.0,4.5
4183,Capsicum pubescens,19.5,1000.0,4.5
749,Coffea arabica,22.0,2475.0,3.5
17645,Persea americana ssp. guatemalan,21.0,1230.0,3.0
7095,Lagerstroemia tomentosa,26.5,2750.0,3.5
7938,Neohouzeaua dullooa,24.5,2550.0,4.0
1313,Lactuca sativa var. capitata,17.5,2500.0,3.0
148275,Echinacea purpurea,23.0,650.0,3.5
1152,Gmelina arborea,31.0,2875.0,4.5
2428,Sterculia foetida,26.0,1450.0,4.5
4315,Castanea pumila,21.0,1350.0,3.0
8537,Emblica officinalis,24.5,2450.0,4.5
10679,Urtica dioica,18.0,1425.0,3.5
3286,Apios americana,19.0,1100.0,3.5
468,Asparagus officinalis,22.0,2250.0,3.0
7663,Medicago turbinata,14.5,425.0,3.0
2897,Agave lecheguilla,20.0,525.0,4.5
5976,Eugenia gustavioides,25.5,2600.0,3.0
4510,Chlorophora excelsa,24.0,1600.0,4.5
7067,Koeleria cristata,11.5,650.0,3.0
10319,Teramnus labialis,23.0,1500.0,3.5
4074,Calophyllum brasiliense,26.5,4100.0,3.0
2479,Cicer arietinum,21.0,1050.0,4.5
4023,Calamus caesius,25.0,2950.0,2.5
8944,Prosopis africana,29.0,450.0,4.0
988,Emilia sonchifolia,25.0,2250.0,3.5
5810,Erythrina vespertilio,27.5,925.0,4.5
7674,Melaleuca nervosa,28.5,825.0,3.0
14194,Festuca ovina,14.0,950.0,3.5
2398,Prunus armeniaca,23.5,1135.0,4.5
2570,Acacia acuminata,22.0,500.0,4.5
2872,Aframomum melegueta,22.0,1700.0,3.0
7056,Kerstingiella geocarpa,25.0,1725.0,4.5
11029,Asimina triloba,20.0,862.5,3.5
9279,Ribes hirtellum,15.0,1050.0,3.0
1221,Hibiscus tiliaceus,23.0,1250.0,3.0
4538,Chrysophyllum albidum,23.0,1950.0,3.0
6238,Flindersia brayleyana,24.0,2450.0,3.0
7681,Melia azedarach,21.5,1175.0,3.0
9584,Satureja montana,23.0,1200.0,3.0
7746,Michelia doltsopa,25.0,3600.0,4.5
11641,Prunus africana,19.0,1350.0,4.5
3458,Arundinaria pusilla,19.0,2350.0,3.5
2586,Acacia bidwillii,25.0,650.0,3.0
5464,Diospyros malabarica,25.0,2000.0,4.0
8992,Prunus salicina,22.0,875.0,3.0
7162,Lathyrus ochrus,13.0,500.0,4.5
8353,Paspalum nicorae,19.0,1125.0,3.5
14054,Eucalyptus globulus,18.0,1175.0,3.0
10083,Stereospermum suaveolens,26.0,2275.0,3.0
365,Allium fistulosum,18.0,1600.0,3.0
45894,Sclerocarya birrea ssp. caffra,29.5,850.0,4.5
6266,Frangula alnus,21.0,800.0,3.5
2494,Eleocharis dulcis,24.5,2650.0,3.0
3896,Bridelia micrantha,26.5,1800.0,3.0
10810,Vicia pannonica,13.0,690.0,3.0
6659,Hemarthria japonica,22.5,650.0,3.0
7898,Myrsine africana,20.0,725.0,3.5
7081,Lactuca indica,25.0,2000.0,3.0
6078,Fagus grandifolia,16.5,940.0,2.5
5600,Echinochloa pyramidalis,25.0,1900.0,3.0
10746,Ventilago viminalis,28.0,475.0,4.5
5184,Dactylis glomerata,18.0,1000.0,3.5
17644,Persea americana ssp. mexican,19.0,1230.0,3.0
1803,Psidium cattleianum,20.5,2330.0,3.5
4759,Colchicum autumnale,15.0,950.0,3.0
505,Basella rubra,22.5,2450.0,3.0
4189,Carallia lucida,24.0,3375.0,3.5
7664,Medicago varia,18.5,975.0,3.0
78565,Teramnus uncinatus,27.0,2125.0,3.0
6123,Ficus benghalensis,24.5,2250.0,4.5
3560,Attalea cohune,23.5,3000.0,3.0
8634,Pinus halepensis,22.0,525.0,4.0
2783,Acrocomia aculeata,32.5,1750.0,4.5
8059,Olea capensis,20.0,1100.0,3.5
10084,Stevia rebaudiana,29.0,1150.0,3.0
3930,Bromus tomentellus,12.5,950.0,3.0
4666,Cleistogenes squarrosa,20.5,500.0,4.5
17807,Acacia decurrens,18.0,1875.0,3.5
848,Cynodon dactylon,23.0,2425.0,3.0
7736,Mesua ferrea,24.5,3550.0,2.5
2369,Origanum vulgare,18.0,1550.0,4.5
10130,Strychnos innocua,25.5,800.0,4.5
2214,Blighia sapida,27.0,3350.0,3.5
4090,Camellia sinensis var. sinensis,21.5,2750.0,3.5
2886,Agathis dammara,25.0,3000.0,3.5
372265,Trifolium mattirolianum,19.5,1500.0,3.0
372215,Adesmia latifolia,18.0,650.0,3.0
4884,Coronilla varia,25.0,650.0,3.5
7650,Medicago falcata,19.5,835.0,3.0
17507,Vicia ervilia,16.5,750.0,3.0
9373,Rubus occidentalis,15.5,900.0,3.0
871,Daucus carota,16.5,2200.0,3.0
5794,Eruca sativa,18.5,700.0,3.0
9140,Quercus semecarpifolia,16.0,1500.0,4.5
10539,Trifolium pilulare,15.0,550.0,3.0
5043,Cuminum cyminum,19.5,1750.0,4.5
880,Delonix regia,22.5,1250.0,3.0
10149,Stylosanthes macrocephala,25.0,1750.0,4.5
4516,Chloroxylon swietenia,28.5,1325.0,4.5
17646,Persea americana ssp. west indian,23.0,1230.0,3.0
5042,Cullenia rosayroana,26.5,3500.0,2.5
1367,Lotononis bainesii,21.5,1375.0,3.5
10564,Tripsacum dactyloides,18.5,1050.0,3.5
12852,Caragana arborescens,23.0,575.0,3.0
2741,Acca sellowiana,20.0,1300.0,3.0
3259,Anthocephalus macrophyllus,29.0,3250.0,4.5
8659,Pinus sylvestris var. mongolica,22.5,550.0,4.5
49181,Fagus sylvatica,20.5,900.0,2.5
520,Bixa orellana,25.5,1875.0,3.0
3372,Aristida lanata,17.5,325.0,4.5
2887,Agathis labillardieri,26.0,3250.0,3.5
10674,Urochloa mosambicensis,22.5,980.0,3.0
243766,Ziziphus abyssinica,26.5,1150.0,3.0
77795,Euonymus japonicus,16.0,1000.0,3.5
3931,Bromus unioloides,16.5,800.0,3.5
5143,Cynodon nlemfuensis,22.5,1800.0,3.5
10711,Vaccinium macrocarpon,15.5,850.0,3.0
8524,Phoenix reclinata,25.0,2750.0,3.5
9539,Sansevieria guineensis,25.5,1250.0,3.5
9412,Rumex obtusifolius,14.5,1500.0,3.5
3750,Boesenbergia rotunda,23.5,3000.0,4.0
10356,Terminalia tomentosa,26.5,2275.0,4.5
1547,Ocimum basilicum,21.5,2450.0,4.5
34722,Chlorophytum comosum,19.0,1750.0,4.0
10057,Stephegyne parvifolia,26.0,2100.0,3.5
9282,Ribes nigrum,17.5,800.0,3.0
9374,Rubus occidentalis x idaeus,16.5,900.0,3.0
2368,Origanum majorana,20.0,1450.0,4.5
4667,Cleistopholis glauca,29.5,3300.0,4.5
1281,Ischaemum muticum,26.0,2750.0,3.0
2808,Adansonia grandidieri,21.5,1400.0,3.5
9143,Quercus suber,23.5,1155.0,4.5
4700,Cnicus benedictus,19.5,700.0,4.5
6239,Flindersia pimenteliana,24.0,2450.0,3.0
5138,Cynara cardunculus,22.5,725.0,3.5
10436,Thyrsostachys siamensis,24.5,2550.0,4.0
10540,Trifolium resupinatum,14.5,830.0,3.5
1832,Pyrus communis,23.5,1250.0,4.5
9123,Quercus lineata,18.0,3500.0,3.5
5265,Desmodium sandwicense,21.0,1875.0,3.5
1553,Olea europaea,22.5,700.0,4.5
8530,Phormium tenax,19.5,2150.0,3.5
9554,Sapindus emarginatus,28.5,1500.0,4.5
3989,Butyrospermum paradoxum ssp. parkii,30.5,1050.0,3.0
7707,Mentha pulegium,16.5,700.0,3.0
5663,Elymus cinereus,12.0,750.0,3.0
9558,Sapium sebiferum,21.0,1500.0,3.5
8110,Orbignya oleifera,27.0,1850.0,3.5
2340,Melissa officinalis,18.0,900.0,4.5
10536,Trifolium medium,12.0,750.0,3.5
1807,Psophocarpus tetragonolobus,27.0,2300.0,3.0
5850,Eucalyptus delegatensis,17.0,2100.0,4.5
1392,Macaranga tanarius,25.0,1000.0,3.5
5738,Eragrostis lehmanniana,19.0,700.0,3.0
83541,Raphanus sativus var. oleiferus,17.5,1000.0,3.0
7660,Medicago scutellata,19.5,775.0,3.0
372216,Adesmia punctata,15.0,1550.0,3.0
1333,Laurus nobilis,19.0,1250.0,4.5
5185,Dactylis glomerata ssp. hispanica,17.5,600.0,3.0
1285,Ischaemum timorense,22.5,1850.0,3.5
7094,Lagerstroemia parviflora,25.5,2625.0,4.5
74953,Axonopus fissifolius,24.5,2375.0,3.5
2012,Stenotaphrum secundatum,22.0,1650.0,2.5
7651,Medicago intertexta,14.5,425.0,3.0
372328,"Urochloa mosambicensis, mosambicensis type",21.0,830.0,3.5
601,Campnosperma brevipetiolata,27.0,3500.0,4.5
866,Dactyloctenium aegyptium,21.0,2250.0,3.0
10528,Trifolium cherlei,16.5,550.0,3.0
4893,Corylus colurna var. colurna,21.0,1000.0,3.0
10110,Stripa Krylovii,19.5,350.0,4.5
10562,Triplochiton scleroxylon,27.0,2500.0,4.5
10357,Terminalia volucris,28.0,675.0,4.5
6076,Fagopyrum tataricum,17.5,750.0,3.0
331,Agathis macrophylla,25.0,4500.0,3.5
1416,Mangifera indica,28.0,1450.0,3.0
8128,Ornithopus roseus,17.0,885.0,3.0
1796,Prunus persica,21.0,1175.0,3.0
353,Aleurites fordii,19.0,1075.0,3.0
2667,Acacia nilotica,30.0,1250.0,4.5
7658,Medicago rigidula,14.5,425.0,3.0
218100,Khaya anthotheca,25.0,1150.0,4.5
2720,Acacia xiphohylla,28.5,225.0,4.5
5032,Cucurbita ficifolia,20.5,1000.0,3.0
6808,Hymenachne acutigluma,22.5,2500.0,3.0
9593,Sauropus androgynus,21.5,2300.0,3.5
10030,Stachys affinis,18.5,900.0,3.0
5851,Eucalyptus diversicolor,22.0,1000.0,4.5
4185,Caragana intermedia,30.0,350.0,4.5
10579,Triticum compactum,12.0,950.0,3.0
9506,Salvadora persica,27.0,850.0,4.0
5340,Dillenia aurea,27.0,1325.0,4.5
4563,Cinchona calisaya,17.5,2600.0,3.5
3867,Brassica oleracea var. acephala,18.5,1550.0,3.0
4363,Cedrus deodara,21.0,1400.0,3.5
702,Cinnamomum verum,27.0,2100.0,3.5
5852,Eucalyptus dumosa,23.5,375.0,4.5
5602,Echinochloa turneriana,25.0,1125.0,4.5
7652,Medicago laciniata,14.5,425.0,3.0
10524,Trifolium ambiguum,12.5,845.0,3.0
2888,Agathis microstachya,23.0,2450.0,3.0
5190,Dalbergia latifolia,26.5,2875.0,3.5
694,Cichorium intybus,20.5,2150.0,3.0
7770,Mimosa pigra,23.0,1250.0,4.5
2931,Agropyron trachycaulum,14.5,700.0,3.0
2104,Trifolium pratense,22.0,1200.0,3.5
1673,Phoenix dactylifera,31.0,250.0,4.0
1216,Hibiscus sabdariffa,23.0,2000.0,4.5
10628,Typha angustifolia,17.5,2150.0,3.0
5175,Cytisus proliferus,19.0,900.0,3.0
2397,Prunus amygdalus,25.0,875.0,4.0
5853,Eucalyptus elata,20.5,1175.0,3.0
2604,Acacia cyclops,20.0,600.0,4.5
4198,Carapa guianensis,26.5,3000.0,3.0
2114,Triticum aestivum,16.0,950.0,3.0
354,Aleurites moluccana,23.0,2450.0,4.5
5571,Duboisia myoporoides,23.0,1550.0,3.0
9029,Psoralea patens,20.0,700.0,3.0
4186,Caragana korshinskii,27.5,350.0,4.5
7659,Medicago rugosa,14.5,425.0,3.0
8058,Olea africana,25.0,900.0,4.5
1362,Lolium perenne,19.5,1400.0,3.5
8946,Prosopis chilensis,28.5,400.0,4.0
2663,Acacia monticola,27.0,350.0,4.5
6896,Inga vera,25.0,2600.0,3.0
1524,Nauclea diderrichii,30.0,2850.0,3.0
11711,Acacia brevispica,24.5,625.0,3.0
372331,Zornia glabra,25.0,3250.0,3.0
10675,Urochloa oligotricha,25.5,2075.0,3.5
3466,Asclepias tuberosa,21.0,650.0,3.0
2364,Oenanthe javanica,18.0,2500.0,4.5
1881,Rubus sp.,15.5,1550.0,3.0
2108,Trifolium usambarense,22.0,1250.0,3.0
10538,Trifolium nigrescens,18.0,975.0,3.0
2736,Acanthus ilicifolius,23.5,2000.0,3.0
2829,Adonis vernalis,23.0,575.0,3.5
6077,Fagraea fragrans,23.0,2500.0,4.5
6082,Faidherbia albida,12.5,725.0,4.0
2412,Salvia officinalis,17.5,900.0,4.5
10529,Trifolium dubium,15.0,885.0,4.5
5691,Endiandra palmerstonii,22.0,2525.0,3.0
1342,Lespedeza cuneata,21.0,1500.0,3.0
4744,Cola acuminata,25.0,2500.0,3.0
11018,Zoysia matrella,21.0,1650.0,3.5
355153,Stereospermum kunthianum,30.0,875.0,4.5
5854,Eucalyptus eugenioides,23.0,900.0,3.0
553,Brassica oleracea var. botrytis,17.5,1175.0,3.5
2782,Acroceras macrum,21.0,1312.5,3.0
6966,Ischaemum magnum,32.5,3000.0,2.5
2705,Acacia stenophylla,23.5,450.0,4.5
9292,Ricinodendron rautanenii,25.0,700.0,4.5
10147,Stylosanthes guianensis var. intermedia,24.0,1550.0,4.5
8028,Ochroma pyramidale,26.5,2750.0,4.5
859,Cyphomandra betacea,20.0,2300.0,3.0
248816,Eucalyptus globoidea,25.0,1150.0,4.5
4962,Crocus sativus,13.5,750.0,3.0
2944,Ailanthus excelsa,25.5,1450.0,4.5
5163,Cyperus longus,27.5,550.0,3.5
2514,Carthamus tinctorius,25.0,850.0,4.5
3132,Ammophila breviligulata,13.5,900.0,3.0
349,Albizia lebbeck,30.0,1500.0,3.0
2942,Agrostis trinii,24.0,335.0,3.0
4281,Cassia auriculata,23.0,2350.0,4.5
17654,Argyrodendron actinophyllum ssp. diversifolium,23.0,1250.0,3.0
4177,Capsicum baccatum var. pendulum,23.5,1000.0,4.5
44868,Calodendrum capense,30.0,1300.0,4.5
7694,Melocalamus compactiflorus,24.5,2500.0,4.0
5350,Dimocarpus longan var. malesianus,28.0,3500.0,3.5
2941,Agrostis tenuis,24.0,1150.0,3.5
984,Elettaria cardamomum,22.5,4250.0,4.0
5657,Eleusine coracana ssp. coracana,21.5,2300.0,4.5
18480,Zornia latifolia,23.5,1500.0,3.0
3218,Angelica archangelica,12.0,900.0,3.0
7662,Medicago truncatula,21.5,650.0,3.0
7389,Lolium multiflorum,20.0,1000.0,3.0
6113,Fibraurea tinctoria,23.5,850.0,3.5
9942,Sorbus domestica,20.0,1250.0,3.0
1686,Physalis peruviana,21.0,2550.0,3.5
1866,Ricinus communis,27.0,1200.0,4.5
10676,Urochloa panicoides,30.0,1050.0,3.5
238780,Eurycoma longifolia,25.0,3250.0,4.0
2199,Arachis hypogaea,27.5,2200.0,4.5
10582,Triticum durum,18.0,600.0,4.5
685,Chromolaena odorata,27.0,3250.0,3.0
372268,Trifolium tembense,20.0,1350.0,3.0
10373,Tetrapleura tetraptera,27.5,3100.0,4.5
364,Allium cepa,17.0,1550.0,3.0
1433,Melaleuca symphyocarpa,28.0,1025.0,3.0
751,Coffea liberica,27.0,2300.0,3.5
743,Coccoloba uvifera,21.0,1450.0,4.5
2807,Adansonia digitata,28.0,2225.0,4.5
10010,Spodiopogon sibiricus,21.5,600.0,3.5
969,Echinochloa colona,24.0,1200.0,3.5
10015,Spondias purpurea,24.0,1200.0,4.5
238003,Vicia sativa ssp. sativa,15.5,975.0,3.5
44268,Macrotyloma daltonii,25.0,562.5,3.0
10092,Stipa tenacissima,19.0,350.0,3.5
7669,Melaleuca bracteata,26.5,675.0,3.0
1071,Ficus carica,21.0,1500.0,3.5
8565,Phytolacca acinosa,16.5,750.0,3.5
5597,Echinochloa frumentacea,22.5,725.0,3.0
45598,Sapium ellipticum,24.5,1750.0,4.5
1414,Mammea americana,23.5,1700.0,3.0
11752,Prosopis glandulosa,27.0,600.0,4.0
6456,Gluta travancorica,26.0,3500.0,3.5
8094,Opuntia ficus-indica,20.0,1000.0,3.0
6080,Fagus sylvatica ssp. sylvatica,20.5,900.0,3.5
2146,Vicia faba,18.5,1425.0,3.0
7670,Melaleuca cajuputi,27.0,1300.0,3.0
932,Dillenia indica,27.0,3750.0,2.5
2107,Trifolium semipilosum,18.5,1150.0,3.0
1379,Lycopersicon esculentum,21.0,1100.0,3.0
1528,Nephelium lappaceum,26.0,2700.0,4.0
8354,Paspalum notatum,20.5,1625.0,2.5
9621,Schleichera oleosa,28.5,1775.0,3.5
5861,Eucalyptus globulus ssp. globulus,18.0,1150.0,3.0
7175,Lavandula intermedia,20.0,800.0,4.5
5898,Eucalyptus ochrophloia,26.0,475.0,4.5
372262,Trichanthera gigantea,29.0,3000.0,3.5
11776,Acacia abyssinica,25.0,900.0,4.5
856,Cyperus rotundus,27.5,2250.0,3.5
7220,Lepidium meyenii,12.5,750.0,4.5
5862,Eucalyptus globulus ssp. maidenii,21.5,1350.0,4.5
2334,Manilkara achras,26.5,1200.0,3.5
14639,Hylocereus undatus,23.0,1725.0,3.0
8492,Phalaris coerulescens,17.0,750.0,3.0
10525,Trifolium arvense,12.0,860.0,3.0
4037,Calathea allouia,25.5,1750.0,3.5
5033,Cucurbita foetidissima,20.0,625.0,4.5
7637,Matricaria recutita,18.0,800.0,3.0
1406,Malpighia glabra,19.5,1550.0,4.5
6212,Ficus vogelii,25.0,2100.0,3.5
2192,Anethum graveolens,16.0,1100.0,4.0
618,Capsicum annuum,21.5,1100.0,3.0
4524,Chrysanthemum coronarium var. coronarium,16.0,1550.0,3.5
